API endpointi,,,,,,,,,,,,,,,,,,,,,,,,,
Predlog API ruta za prva 3 zaključena modula.,,,,,,,,,,,,,,,,,,,,,,,,,
,,,,,,,,,,,,,,,,,,,,,,,,,
ID API,Metoda,Ruta,Opis,Modul,Status,Povezana funkcija,Testirano,Napomena,,,,,,,,,,,,,,,,,
API-001,POST,/auth/login,Prijava korisnika.,Korisnici i prava,Implementirano,F-001,Djelimicno,Login server action postoji.,,,,,,,,,,,,,,,,,
API-002,GET,/api/agencies,Lista agencija za super admina.,Korisnici i prava,Zaključeno,F-001,Ne,,,,,,,,,,,,,,,,,,
API-003,POST,/api/agencies,Kreiranje agencije.,Korisnici i prava,Zaključeno,F-001,Ne,,,,,,,,,,,,,,,,,,
API-004,POST,/api/agencies/:id/activate,Aktivacija agencije.,Korisnici i prava,Zaključeno,F-004,Ne,,,,,,,,,,,,,,,,,,
API-005,POST,/api/agencies/:id/deactivate,Deaktivacija agencije.,Korisnici i prava,Zaključeno,F-004,Ne,,,,,,,,,,,,,,,,,,
API-006,GET,/api/agencies/:id/subscription,Pregled pretplate agencije.,Korisnici i prava,Zaključeno,F-003,Ne,,,,,,,,,,,,,,,,,,
API-007,PUT,/api/agencies/:id/subscription,Ažuriranje pretplate agencije.,Korisnici i prava,Zaključeno,F-003,Ne,,,,,,,,,,,,,,,,,,
API-008,POST,/api/agency-users,Kreiranje radnika/klijenta agencije.,Korisnici i prava,Implementirano,"F-005,F-006",Djelimicno,Kreiranje radnika/klijenata postoji kao server action.,,,,,,,,,,,,,,,,,
API-009,PUT,/api/users/:id/permissions,Ažuriranje prava korisnika.,Korisnici i prava,Implementirano djelimicno,F-008,Djelimicno,Matrica prava se cuva; enforcement treba dodatno zakljucati.,,,,,,,,,,,,,,,,,
API-010,GET,/api/reports/staff-activity,Statistika rada radnika.,Korisnici i prava,Zaključeno,F-009,Ne,,,,,,,,,,,,,,,,,,
API-011,GET,/api/audit-logs,Pregled audit loga.,Korisnici i prava,Zaključeno,F-010,Ne,,,,,,,,,,,,,,,,,,
API-012,GET,/api/companies,Lista firmi.,Firme i kontni plan,Implementirano,F-012,Djelimicno,Lista firmi postoji kao server-rendered stranica.,,,,,,,,,,,,,,,,,
API-013,POST,/api/companies,Kreiranje firme.,Firme i kontni plan,Implementirano,F-012,Djelimicno,Kreiranje firme postoji kao server action.,,,,,,,,,,,,,,,,,
API-014,GET,/api/companies/:id,Profil firme.,Firme i kontni plan,Implementirano,F-012,Djelimicno,Detalj firme postoji kao /agencija/firme/[id].,,,,,,,,,,,,,,,,,
API-015,PUT,/api/companies/:id,Izmjena firme.,Firme i kontni plan,Implementirano,F-012,Djelimicno,Izmjena firme postoji kao server action.,,,,,,,,,,,,,,,,,
API-016,POST,/api/companies/:id/deactivate,Deaktivacija firme.,Firme i kontni plan,Zaključeno,F-012,Ne,,,,,,,,,,,,,,,,,,
API-017,GET,/api/irms/companies/search?pib=,Pretraga IRMS po PIB-u.,Firme i kontni plan,Implementirano,F-013,Djelimicno,IRMS endpoint postoji kao /api/irms/search.,,,,,,,,,,,,,,,,,
API-018,GET,/api/companies/:id/business-years,Poslovne godine firme.,Firme i kontni plan,Implementirano,F-014,Djelimicno,Poslovne godine se citaju na detalju i centralnoj stranici.,,,,,,,,,,,,,,,,,
API-019,POST,/api/companies/:id/business-years,Otvaranje poslovne godine.,Firme i kontni plan,Implementirano,F-014,Djelimicno,Otvaranje poslovne godine postoji kao server action.,,,,,,,,,,,,,,,,,
API-020,POST,/api/business-years/:id/lock,Zaključavanje godine.,Firme i kontni plan,Implementirano,F-015,Djelimicno,Zakljucavanje godine postoji kao server action.,,,,,,,,,,,,,,,,,
API-021,POST,/api/business-years/:id/unlock,Otključavanje godine.,Firme i kontni plan,Implementirano,F-015,Djelimicno,Otkljucavanje godine postoji kao server action.,,,,,,,,,,,,,,,,,
API-022,GET,/api/companies/:id/settings,Podešavanja firme.,Firme i kontni plan,Implementirano djelimicno,F-016,Djelimicno,Osnovna podesavanja/PDV status postoje u firmi.,,,,,,,,,,,,,,,,,
API-023,PUT,/api/companies/:id/settings,Izmjena podešavanja firme.,Firme i kontni plan,Implementirano djelimicno,F-016,Djelimicno,Izmjena osnovnih podesavanja firme postoji; posebna settings ruta nije uvedena.,,,,,,,,,,,,,,,,,
API-024,GET,/api/companies/:id/bank-accounts,Bankovni računi firme.,Firme i kontni plan,Zaključeno,F-017,Ne,,,,,,,,,,,,,,,,,,
API-025,POST,/api/companies/:id/bank-accounts,Dodavanje bankovnog računa.,Firme i kontni plan,Zaključeno,F-017,Ne,,,,,,,,,,,,,,,,,,
API-026,GET,/api/companies/:id/staff-assignments,Radnici na firmi.,Firme i kontni plan,Implementirano,F-019,Djelimicno,Pregled radnika na firmi postoji.,,,,,,,,,,,,,,,,,
API-027,POST,/api/companies/:id/staff-assignments,Dodjela radnika firmi.,Firme i kontni plan,Implementirano,F-019,Djelimicno,Dodjela radnika firmi postoji kao server action.,,,,,,,,,,,,,,,,,
API-028,GET,/api/companies/:id/account-chart,Kontni plan firme.,Firme i kontni plan,Zaključeno,"F-021,F-022",Ne,,,,,,,,,,,,,,,,,,
API-029,POST,/api/companies/:id/account-overrides,Dodavanje specifičnog konta/izmjene.,Firme i kontni plan,Zaključeno,F-022,Ne,,,,,,,,,,,,,,,,,,
API-030,GET,/api/companies/:id/default-accounts,Default konta firme.,Firme i kontni plan,Zaključeno,F-023,Ne,,,,,,,,,,,,,,,,,,
API-031,PUT,/api/companies/:id/default-accounts,Ažuriranje default konta.,Firme i kontni plan,Zaključeno,F-023,Ne,,,,,,,,,,,,,,,,,,
API-032,GET,/api/journal-types,Vrste naloga.,Nalozi,Implementirano djelimicno,F-024,Ne,"Vrste naloga se citaju server-rendered stranicom, bez posebnog REST API-ja.",,,,,,,,,,,,,,,,,
API-033,POST,/api/journal-types,Kreiranje vrste naloga.,Nalozi,Implementirano djelimicno,F-024,Ne,Kreiranje vrste naloga postoji kao server action.,,,,,,,,,,,,,,,,,
API-034,GET,/api/journals,Lista naloga.,Nalozi,Implementirano djelimicno,F-026,Ne,Lista naloga postoji kao server-rendered stranica.,,,,,,,,,,,,,,,,,
API-035,POST,/api/journals,Kreiranje naloga.,Nalozi,Implementirano djelimicno,"F-026,F-027",Ne,Kreiranje naloga postoji kao server action.,,,,,,,,,,,,,,,,,
API-036,GET,/api/journals/:id,Detalj naloga.,Nalozi,Implementirano djelimicno,F-026,Ne,Detalj naloga postoji kao server-rendered stranica.,,,,,,,,,,,,,,,,,
API-037,PUT,/api/journals/:id,Izmjena nacrta naloga.,Nalozi,Nije poceto,"F-028,F-030",Ne,Izmjena postojeceg nacrta jos nije implementirana.,,,,,,,,,,,,,,,,,
API-038,POST,/api/journals/:id/post,Knjiženje naloga.,Nalozi,Implementirano djelimicno,F-029,Ne,Knjiženje naloga postoji kao server action.,,,,,,,,,,,,,,,,,
API-039,POST,/api/journals/:id/reopen,Vraćanje proknjiženog naloga u nacrt.,Nalozi,Implementirano djelimicno,F-030,Ne,Vraćanje proknjiženog naloga u nacrt postoji kao server action.,,,,,,,,,,,,,,,,,
API-040,DELETE,/api/journals/:id,Soft delete naloga.,Nalozi,Implementirano djelimicno,F-031,Ne,Soft delete naloga postoji kao server action.,,,,,,,,,,,,,,,,,
API-041,GET,/api/journals/:id/document-links,Veze naloga sa dokumentima.,Nalozi,Nije poceto,F-032,Ne,Veze dokument-nalog jos nisu implementirane.,,,,,,,,,,,,,,,,,
API-042,POST,/api/journals/:id/document-links,Dodavanje veze dokument-nalog.,Nalozi,Nije poceto,F-032,Ne,Veze dokument-nalog jos nisu implementirane.,,,,,,,,,,,,,,,,,
API-043,POST,/api/companies/:id/business-years/:yearId/opening-balance/generate,Generisanje početnog stanja.,Nalozi,Nije poceto,F-035,Ne,Generisanje pocetnog stanja jos nije implementirano.,,,,,,,,,,,,,,,,,
API-044,GET,/api/partners,Lista partnera.,Nalozi,Nije poceto,F-036,Ne,Poseban API/stranica partnera jos nije implementiran.,,,,,,,,,,,,,,,,,
API-045,POST,/api/partners,Kreiranje partnera.,Nalozi,Nije poceto,F-036,Ne,Poseban API/stranica partnera jos nije implementiran.,,,,,,,,,,,,,,,,,
API-046,GET,/api/reports/trial-balance,Bruto bilans.,Nalozi,Implementirano djelimicno,F-038,Djelimicno,"Bruto bilans je implementiran kao server-rendered izvještaj sa filterima i print rutom, ne kao zaseban JSON API.",,,,,,,,,,,,,,,,,
API-047,GET,/api/reports/partner-card,Kartica partnera.,Nalozi,Implementirano kroz server stranicu,F-037,"Kartica partnera/konta radi kroz server-rendered stranicu, bez posebnog API endpointa za sada.",Kartica partnera jos nije implementirana.,,,,,,,,,,,,,,,,,
API-048,GET,/api/reports/partner-summary,Zbirni pregled partnera.,Nalozi,Nije poceto,F-037,Zbirni pregled partnera jos nije izdvojen kao poseban izvjestaj.,Zbirni pregled partnera jos nije implementiran.,,,,,,,,,,,,,,,,,
API-049,GET,/api/nalozi/open-items,Otvorene stavke za konto i partnera u ručnom nalogu.,Nalozi,Implementirano,F-027,Djelimicno,"Endpoint koristi aktivnu firmu/godinu i samo POSTED naloge; vraca otvorene dokumente za kupce/dobavljace za modal na broju dokumenta.",,,,,,,,,,,,,,,,,
,,,,,,,,,,,,,,,,,,,,,,,,,
,,,,,,,,,,,,,,,,,,,,,,,,,
,,,,,,,,,,,,,,,,,,,,,,,,,
,,,,,,,,,,,,,,,,,,,,,,,,,
,,,,,,,,,,,,,,,,,,,,,,,,,
,,,,,,,,,,,,,,,,,,,,,,,,,
,,,,,,,,,,,,,,,,,,,,,,,,,
,,,,,,,,,,,,,,,,,,,,,,,,,
,,,,,,,,,,,,,,,,,,,,,,,,,
,,,,,,,,,,,,,,,,,,,,,,,,,
,,,,,,,,,,,,,,,,,,,,,,,,,
,,,,,,,,,,,,,,,,,,,,,,,,,
,,,,,,,,,,,,,,,,,,,,,,,,,
,,,,,,,,,,,,,,,,,,,,,,,,,
,,,,,,,,,,,,,,,,,,,,,,,,,
,,,,,,,,,,,,,,,,,,,,,,,,,
,,,,,,,,,,,,,,,,,,,,,,,,,
,,,,,,,,,,,,,,,,,,,,,,,,,
,,,,,,,,,,,,,,,,,,,,,,,,,
,,,,,,,,,,,,,,,,,,,,,,,,,
,,,,,,,,,,,,,,,,,,,,,,,,,
,,,,,,,,,,,,,,,,,,,,,,,,,
,,,,,,,,,,,,,,,,,,,,,,,,,
,,,,,,,,,,,,,,,,,,,,,,,,,
,,,,,,,,,,,,,,,,,,,,,,,,,
,,,,,,,,,,,,,,,,,,,,,,,,,
,,,,,,,,,,,,,,,,,,,,,,,,,
,,,,,,,,,,,,,,,,,,,,,,,,,
,,,,,,,,,,,,,,,,,,,,,,,,,
,,,,,,,,,,,,,,,,,,,,,,,,,
,,,,,,,,,,,,,,,,,,,,,,,,,
,,,,,,,,,,,,,,,,,,,,,,,,,
,,,,,,,,,,,,,,,,,,,,,,,,,
,,,,,,,,,,,,,,,,,,,,,,,,,
,,,,,,,,,,,,,,,,,,,,,,,,,
,,,,,,,,,,,,,,,,,,,,,,,,,
,,,,,,,,,,,,,,,,,,,,,,,,,
,,,,,,,,,,,,,,,,,,,,,,,,,
,,,,,,,,,,,,,,,,,,,,,,,,,
,,,,,,,,,,,,,,,,,,,,,,,,,
,,,,,,,,,,,,,,,,,,,,,,,,,
,,,,,,,,,,,,,,,,,,,,,,,,,
,,,,,,,,,,,,,,,,,,,,,,,,,
,,,,,,,,,,,,,,,,,,,,,,,,,
,,,,,,,,,,,,,,,,,,,,,,,,,
,,,,,,,,,,,,,,,,,,,,,,,,,
,,,,,,,,,,,,,,,,,,,,,,,,,
,,,,,,,,,,,,,,,,,,,,,,,,,
,,,,,,,,,,,,,,,,,,,,,,,,,
,,,,,,,,,,,,,,,,,,,,,,,,,
,,,,,,,,,,,,,,,,,,,,,,,,,
,,,,,,,,,,,,,,,,,,,,,,,,,
,,,,,,,,,,,,,,,,,,,,,,,,,
,,,,,,,,,,,,,,,,,,,,,,,,,
,,,,,,,,,,,,,,,,,,,,,,,,,
,,,,,,,,,,,,,,,,,,,,,,,,,
,,,,,,,,,,,,,,,,,,,,,,,,,
,,,,,,,,,,,,,,,,,,,,,,,,,
,,,,,,,,,,,,,,,,,,,,,,,,,
,,,,,,,,,,,,,,,,,,,,,,,,,
,,,,,,,,,,,,,,,,,,,,,,,,,
,,,,,,,,,,,,,,,,,,,,,,,,,
,,,,,,,,,,,,,,,,,,,,,,,,,
,,,,,,,,,,,,,,,,,,,,,,,,,
,,,,,,,,,,,,,,,,,,,,,,,,,
,,,,,,,,,,,,,,,,,,,,,,,,,
,,,,,,,,,,,,,,,,,,,,,,,,,
,,,,,,,,,,,,,,,,,,,,,,,,,
,,,,,,,,,,,,,,,,,,,,,,,,,
,,,,,,,,,,,,,,,,,,,,,,,,,
,,,,,,,,,,,,,,,,,,,,,,,,,
,,,,,,,,,,,,,,,,,,,,,,,,,
,,,,,,,,,,,,,,,,,,,,,,,,,
,,,,,,,,,,,,,,,,,,,,,,,,,
,,,,,,,,,,,,,,,,,,,,,,,,,
,,,,,,,,,,,,,,,,,,,,,,,,,
,,,,,,,,,,,,,,,,,,,,,,,,,
,,,,,,,,,,,,,,,,,,,,,,,,,
,,,,,,,,,,,,,,,,,,,,,,,,,
,,,,,,,,,,,,,,,,,,,,,,,,,
,,,,,,,,,,,,,,,,,,,,,,,,,
,,,,,,,,,,,,,,,,,,,,,,,,,
,,,,,,,,,,,,,,,,,,,,,,,,,
,,,,,,,,,,,,,,,,,,,,,,,,,
,,,,,,,,,,,,,,,,,,,,,,,,,
,,,,,,,,,,,,,,,,,,,,,,,,,
,,,,,,,,,,,,,,,,,,,,,,,,,
,,,,,,,,,,,,,,,,,,,,,,,,,
,,,,,,,,,,,,,,,,,,,,,,,,,
,,,,,,,,,,,,,,,,,,,,,,,,,
,,,,,,,,,,,,,,,,,,,,,,,,,
,,,,,,,,,,,,,,,,,,,,,,,,,
,,,,,,,,,,,,,,,,,,,,,,,,,
,,,,,,,,,,,,,,,,,,,,,,,,,
,,,,,,,,,,,,,,,,,,,,,,,,,
,,,,,,,,,,,,,,,,,,,,,,,,,
,,,,,,,,,,,,,,,,,,,,,,,,,
,,,,,,,,,,,,,,,,,,,,,,,,,
,,,,,,,,,,,,,,,,,,,,,,,,,
,,,,,,,,,,,,,,,,,,,,,,,,,
,,,,,,,,,,,,,,,,,,,,,,,,,
,,,,,,,,,,,,,,,,,,,,,,,,,
,,,,,,,,,,,,,,,,,,,,,,,,,
,,,,,,,,,,,,,,,,,,,,,,,,,
,,,,,,,,,,,,,,,,,,,,,,,,,
,,,,,,,,,,,,,,,,,,,,,,,,,
,,,,,,,,,,,,,,,,,,,,,,,,,
,,,,,,,,,,,,,,,,,,,,,,,,,
,,,,,,,,,,,,,,,,,,,,,,,,,
,,,,,,,,,,,,,,,,,,,,,,,,,
,,,,,,,,,,,,,,,,,,,,,,,,,
,,,,,,,,,,,,,,,,,,,,,,,,,
,,,,,,,,,,,,,,,,,,,,,,,,,
,,,,,,,,,,,,,,,,,,,,,,,,,
,,,,,,,,,,,,,,,,,,,,,,,,,
,,,,,,,,,,,,,,,,,,,,,,,,,
,,,,,,,,,,,,,,,,,,,,,,,,,
,,,,,,,,,,,,,,,,,,,,,,,,,
,,,,,,,,,,,,,,,,,,,,,,,,,
,,,,,,,,,,,,,,,,,,,,,,,,,
,,,,,,,,,,,,,,,,,,,,,,,,,
,,,,,,,,,,,,,,,,,,,,,,,,,
,,,,,,,,,,,,,,,,,,,,,,,,,
,,,,,,,,,,,,,,,,,,,,,,,,,
,,,,,,,,,,,,,,,,,,,,,,,,,
,,,,,,,,,,,,,,,,,,,,,,,,,
,,,,,,,,,,,,,,,,,,,,,,,,,
,,,,,,,,,,,,,,,,,,,,,,,,,
,,,,,,,,,,,,,,,,,,,,,,,,,
,,,,,,,,,,,,,,,,,,,,,,,,,
,,,,,,,,,,,,,,,,,,,,,,,,,
,,,,,,,,,,,,,,,,,,,,,,,,,
,,,,,,,,,,,,,,,,,,,,,,,,,
,,,,,,,,,,,,,,,,,,,,,,,,,
,,,,,,,,,,,,,,,,,,,,,,,,,
,,,,,,,,,,,,,,,,,,,,,,,,,
,,,,,,,,,,,,,,,,,,,,,,,,,
,,,,,,,,,,,,,,,,,,,,,,,,,
,,,,,,,,,,,,,,,,,,,,,,,,,
,,,,,,,,,,,,,,,,,,,,,,,,,
,,,,,,,,,,,,,,,,,,,,,,,,,
,,,,,,,,,,,,,,,,,,,,,,,,,
,,,,,,,,,,,,,,,,,,,,,,,,,
,,,,,,,,,,,,,,,,,,,,,,,,,
,,,,,,,,,,,,,,,,,,,,,,,,,
,,,,,,,,,,,,,,,,,,,,,,,,,
,,,,,,,,,,,,,,,,,,,,,,,,,
,,,,,,,,,,,,,,,,,,,,,,,,,
,,,,,,,,,,,,,,,,,,,,,,,,,
,,,,,,,,,,,,,,,,,,,,,,,,,
,,,,,,,,,,,,,,,,,,,,,,,,,
,,,,,,,,,,,,,,,,,,,,,,,,,
,,,,,,,,,,,,,,,,,,,,,,,,,
,,,,,,,,,,,,,,,,,,,,,,,,,
,,,,,,,,,,,,,,,,,,,,,,,,,
,,,,,,,,,,,,,,,,,,,,,,,,,
,,,,,,,,,,,,,,,,,,,,,,,,,
,,,,,,,,,,,,,,,,,,,,,,,,,
,,,,,,,,,,,,,,,,,,,,,,,,,
,,,,,,,,,,,,,,,,,,,,,,,,,
,,,,,,,,,,,,,,,,,,,,,,,,,
,,,,,,,,,,,,,,,,,,,,,,,,,
,,,,,,,,,,,,,,,,,,,,,,,,,
,,,,,,,,,,,,,,,,,,,,,,,,,
,,,,,,,,,,,,,,,,,,,,,,,,,
,,,,,,,,,,,,,,,,,,,,,,,,,
,,,,,,,,,,,,,,,,,,,,,,,,,
,,,,,,,,,,,,,,,,,,,,,,,,,
,,,,,,,,,,,,,,,,,,,,,,,,,
,,,,,,,,,,,,,,,,,,,,,,,,,
,,,,,,,,,,,,,,,,,,,,,,,,,
,,,,,,,,,,,,,,,,,,,,,,,,,
,,,,,,,,,,,,,,,,,,,,,,,,,
,,,,,,,,,,,,,,,,,,,,,,,,,
,,,,,,,,,,,,,,,,,,,,,,,,,
,,,,,,,,,,,,,,,,,,,,,,,,,
,,,,,,,,,,,,,,,,,,,,,,,,,
,,,,,,,,,,,,,,,,,,,,,,,,,
,,,,,,,,,,,,,,,,,,,,,,,,,
,,,,,,,,,,,,,,,,,,,,,,,,,
,,,,,,,,,,,,,,,,,,,,,,,,,
,,,,,,,,,,,,,,,,,,,,,,,,,
,,,,,,,,,,,,,,,,,,,,,,,,,
,,,,,,,,,,,,,,,,,,,,,,,,,
,,,,,,,,,,,,,,,,,,,,,,,,,
,,,,,,,,,,,,,,,,,,,,,,,,,
,,,,,,,,,,,,,,,,,,,,,,,,,
,,,,,,,,,,,,,,,,,,,,,,,,,
,,,,,,,,,,,,,,,,,,,,,,,,,
,,,,,,,,,,,,,,,,,,,,,,,,,
,,,,,,,,,,,,,,,,,,,,,,,,,
,,,,,,,,,,,,,,,,,,,,,,,,,
,,,,,,,,,,,,,,,,,,,,,,,,,
,,,,,,,,,,,,,,,,,,,,,,,,,
,,,,,,,,,,,,,,,,,,,,,,,,,
,,,,,,,,,,,,,,,,,,,,,,,,,
,,,,,,,,,,,,,,,,,,,,,,,,,
,,,,,,,,,,,,,,,,,,,,,,,,,
,,,,,,,,,,,,,,,,,,,,,,,,,
,,,,,,,,,,,,,,,,,,,,,,,,,
,,,,,,,,,,,,,,,,,,,,,,,,,
,,,,,,,,,,,,,,,,,,,,,,,,,
,,,,,,,,,,,,,,,,,,,,,,,,,
,,,,,,,,,,,,,,,,,,,,,,,,,
,,,,,,,,,,,,,,,,,,,,,,,,,
,,,,,,,,,,,,,,,,,,,,,,,,,
,,,,,,,,,,,,,,,,,,,,,,,,,
,,,,,,,,,,,,,,,,,,,,,,,,,
,,,,,,,,,,,,,,,,,,,,,,,,,
,,,,,,,,,,,,,,,,,,,,,,,,,
,,,,,,,,,,,,,,,,,,,,,,,,,
,,,,,,,,,,,,,,,,,,,,,,,,,
,,,,,,,,,,,,,,,,,,,,,,,,,
,,,,,,,,,,,,,,,,,,,,,,,,,
,,,,,,,,,,,,,,,,,,,,,,,,,
,,,,,,,,,,,,,,,,,,,,,,,,,
,,,,,,,,,,,,,,,,,,,,,,,,,
,,,,,,,,,,,,,,,,,,,,,,,,,
,,,,,,,,,,,,,,,,,,,,,,,,,
,,,,,,,,,,,,,,,,,,,,,,,,,
,,,,,,,,,,,,,,,,,,,,,,,,,
,,,,,,,,,,,,,,,,,,,,,,,,,
,,,,,,,,,,,,,,,,,,,,,,,,,
,,,,,,,,,,,,,,,,,,,,,,,,,
,,,,,,,,,,,,,,,,,,,,,,,,,
,,,,,,,,,,,,,,,,,,,,,,,,,
,,,,,,,,,,,,,,,,,,,,,,,,,
,,,,,,,,,,,,,,,,,,,,,,,,,
,,,,,,,,,,,,,,,,,,,,,,,,,
,,,,,,,,,,,,,,,,,,,,,,,,,
,,,,,,,,,,,,,,,,,,,,,,,,,
,,,,,,,,,,,,,,,,,,,,,,,,,
,,,,,,,,,,,,,,,,,,,,,,,,,
,,,,,,,,,,,,,,,,,,,,,,,,,
,,,,,,,,,,,,,,,,,,,,,,,,,
,,,,,,,,,,,,,,,,,,,,,,,,,
,,,,,,,,,,,,,,,,,,,,,,,,,
,,,,,,,,,,,,,,,,,,,,,,,,,
,,,,,,,,,,,,,,,,,,,,,,,,,
,,,,,,,,,,,,,,,,,,,,,,,,,
,,,,,,,,,,,,,,,,,,,,,,,,,
,,,,,,,,,,,,,,,,,,,,,,,,,
,,,,,,,,,,,,,,,,,,,,,,,,,
,,,,,,,,,,,,,,,,,,,,,,,,,
,,,,,,,,,,,,,,,,,,,,,,,,,
,,,,,,,,,,,,,,,,,,,,,,,,,
,,,,,,,,,,,,,,,,,,,,,,,,,
,,,,,,,,,,,,,,,,,,,,,,,,,
API-049,GET,/api/items,Lista artikala i usluga.,Robno knjigovodstvo,Zaključeno,F-039,Ne,,,,,,,,,,,,,,,,,,
API-050,POST,/api/items,Kreiranje artikla/usluge.,Robno knjigovodstvo,Zaključeno,F-039,Ne,,,,,,,,,,,,,,,,,,
API-051,GET,/api/items/:id,Detalj artikla.,Robno knjigovodstvo,Zaključeno,F-039,Ne,,,,,,,,,,,,,,,,,,
API-052,PUT,/api/items/:id,Izmjena artikla.,Robno knjigovodstvo,Zaključeno,F-039,Ne,,,,,,,,,,,,,,,,,,
API-053,DELETE,/api/items/:id,Soft delete artikla.,Robno knjigovodstvo,Zaključeno,F-039,Ne,,,,,,,,,,,,,,,,,,
API-054,GET,/api/items/:itemId/prices,Cijene artikla.,Robno knjigovodstvo,Zaključeno,F-040,Ne,,,,,,,,,,,,,,,,,,
API-055,POST,/api/items/:itemId/prices,Dodavanje cijene artikla.,Robno knjigovodstvo,Zaključeno,F-040,Ne,,,,,,,,,,,,,,,,,,
API-056,PUT,/api/item-prices/:id,Izmjena cijene artikla.,Robno knjigovodstvo,Zaključeno,F-040,Ne,,,,,,,,,,,,,,,,,,
API-057,GET,/api/warehouses,Lista magacina.,Robno knjigovodstvo,Zaključeno,F-041,Ne,,,,,,,,,,,,,,,,,,
API-058,POST,/api/warehouses,Kreiranje magacina.,Robno knjigovodstvo,Zaključeno,F-041,Ne,,,,,,,,,,,,,,,,,,
API-059,PUT,/api/warehouses/:id,Izmjena magacina.,Robno knjigovodstvo,Zaključeno,F-041,Ne,,,,,,,,,,,,,,,,,,
API-060,GET,/api/stock/balances,Pregled stanja zaliha.,Robno knjigovodstvo,Zaključeno,F-042,Ne,,,,,,,,,,,,,,,,,,
API-061,GET,/api/stock/movements,Promet zaliha.,Robno knjigovodstvo,Zaključeno,F-060,Ne,,,,,,,,,,,,,,,,,,
API-062,GET,/api/stock/item-card,Kartica artikla.,Robno knjigovodstvo,Zaključeno,F-060,Ne,,,,,,,,,,,,,,,,,,
API-063,GET,/api/reports/stock-list,Lager lista.,Robno knjigovodstvo,Zaključeno,F-060,Ne,,,,,,,,,,,,,,,,,,
API-064,GET,/api/calculations,Lista kalkulacija.,Robno knjigovodstvo,Zaključeno,F-045,Ne,,,,,,,,,,,,,,,,,,
API-065,POST,/api/calculations,Kreiranje kalkulacije.,Robno knjigovodstvo,Zaključeno,F-045,Ne,,,,,,,,,,,,,,,,,,
API-066,GET,/api/calculations/:id,Detalj kalkulacije.,Robno knjigovodstvo,Zaključeno,F-045,Ne,,,,,,,,,,,,,,,,,,
API-067,PUT,/api/calculations/:id,Izmjena kalkulacije.,Robno knjigovodstvo,Zaključeno,F-045,Ne,,,,,,,,,,,,,,,,,,
API-068,POST,/api/calculations/:id/post,Knjiženje kalkulacije.,Robno knjigovodstvo,Zaključeno,"F-045,F-061",Ne,,,,,,,,,,,,,,,,,,
API-069,POST,/api/calculations/:id/reopen,Vraćanje kalkulacije u nacrt.,Robno knjigovodstvo,Zaključeno,F-045,Ne,,,,,,,,,,,,,,,,,,
API-070,POST,/api/calculations/:id/allocate-dependent-costs,Raspored zavisnih troškova.,Robno knjigovodstvo,Zaključeno,F-046,Ne,,,,,,,,,,,,,,,,,,
API-071,POST,/api/calculations/:id/import-declaration,Unos carinske deklaracije.,Robno knjigovodstvo,Zaključeno,F-051,Ne,,,,,,,,,,,,,,,,,,
API-072,GET,/api/calculations/:id/import-declaration,Pregled carinske deklaracije.,Robno knjigovodstvo,Zaključeno,F-051,Ne,,,,,,,,,,,,,,,,,,
API-073,GET,/api/supplier-returns,Lista povrata dobavljaču.,Robno knjigovodstvo,Zaključeno,F-052,Ne,,,,,,,,,,,,,,,,,,
API-074,POST,/api/supplier-returns,Kreiranje povrata dobavljaču.,Robno knjigovodstvo,Zaključeno,F-052,Ne,,,,,,,,,,,,,,,,,,
API-075,POST,/api/supplier-returns/:id/post,Knjiženje povrata dobavljaču.,Robno knjigovodstvo,Zaključeno,"F-052,F-061",Ne,,,,,,,,,,,,,,,,,,
API-076,POST,/api/supplier-returns/:id/link-calculation,Povezivanje povrata sa kalkulacijom.,Robno knjigovodstvo,Zaključeno,F-052,Ne,,,,,,,,,,,,,,,,,,
API-077,GET,/api/warehouse-transfers,Lista prenosa robe.,Robno knjigovodstvo,Zaključeno,F-054,Ne,,,,,,,,,,,,,,,,,,
API-078,POST,/api/warehouse-transfers,Kreiranje prenosa robe.,Robno knjigovodstvo,Zaključeno,F-054,Ne,,,,,,,,,,,,,,,,,,
API-079,SERVER_ACTION,/agencija/podesavanja/pdv-stope,"Kreiranje, izmjena i aktivacija/deaktivacija PDV stopa.",Podešavanja / PDV,Implementirano,F-062,Djelimicno,"Server actions: createVatRate, updateVatRate, toggleVatRate.",,,,,,,,,,,,,,,,,
API-080,SERVER_ACTION,/agencija/racuni/kuf i /agencija/racuni/kuf/[id],"Kreiranje KUF/KIF knjige sa dinamičkom vrstom, kreiranje KUF/KIF računa, kreiranje vrsta i čuvanje šeme kontiranja po poljima.",Računi / KUF,Implementirano djelimicno,F-063,Djelimicno,"Dodati su MAPR/SEP import, KIF/KUF print, edit/delete neproknjiženih i automatsko knjiženje knjiga.",,,,,,,,,,,,,,,,,
API-081,GET,/api/racuni/export/kif,Excel export KIF pregleda po aktivnoj firmi/godini i datumskom filteru.,Računi / KIF-KUF,Implementirano,F-071,Djelimicno,Provjerava export pravo na modulu izlazni_racuni.,,,,,,,,,,,,,,,,,
API-082,GET,/api/racuni/export/kuf,Excel export KUF pregleda po aktivnoj firmi/godini i datumskom filteru.,Računi / KIF-KUF,Implementirano,F-071,Djelimicno,Provjerava export pravo na modulu ulazni_racuni.,,,,,,,,,,,,,,,,,
API-083,SERVER_ACTION,/agencija/pdv,"Kreiranje PDV perioda, osvježavanje prijave iz KIF/KUF, čuvanje korekcija, podešavanja i knjiženje.",PDV,Implementirano djelimicno,"F-072,F-074,F-075",Djelimicno,"Server actions u src/app/agencija/pdv/actions.ts.",,,,,,,,,,,,,,,,,
API-084,GET,/api/pdv/xml,XML export PDV prijave za izabrani mjesec.,PDV,Implementirano djelimicno,F-074,Djelimicno,"Generiše PR_PDV_2025 XML format po uzorku zadaci/pdv izvoz.xml; ostaje ručni QA upload-a na portal.",,,,,,,,,,,,,,,,,
API-085,POST,/api/bank-statement-imports/upload,Upload PDF/HTML bankovnog izvoda.,Izvodi,Specifikacija spremna,F-076,Ne,"Kreira import sesiju i čuva raw fajl/tekst.",,,,,,,,,,,,,,,,,
API-086,POST,/api/bank-statement-imports/:id/parse,Parsiranje import sesije.,Izvodi,Specifikacija spremna,F-077,Ne,"Generički PDF/HTML parser u MVP-u; kasnije parseri po bankama.",,,,,,,,,,,,,,,,,
API-087,POST,/api/bank-statement-imports/:id/create-statement,Kreiranje izvoda iz import sesije.,Izvodi,Specifikacija spremna,F-078,Ne,"Iz preview-a pravi bank_statement i bank_statement_lines.",,,,,,,,,,,,,,,,,
API-088,GET,/api/bank-statements,Pregled izvoda.,Izvodi,Specifikacija spremna,F-084,Ne,"Lista izvoda po aktivnoj firmi/godini/bankovnom računu.",,,,,,,,,,,,,,,,,
API-089,GET,/api/bank-statements/:id/preview,Preview izvoda i predloga naloga.,Izvodi,Specifikacija spremna,F-084,Ne,"Ne knjižiti bez preview-a.",,,,,,,,,,,,,,,,,
API-090,POST,/api/bank-statement-lines/:lineId/match-partner,Povezivanje stavke izvoda sa komitentom.,Izvodi,Specifikacija spremna,F-079,Ne,"Ručno ili iz predloga po žiro računu.",,,,,,,,,,,,,,,,,
API-091,POST,/api/bank-statement-lines/:lineId/allocate,Raspored stavke izvoda na KIF/KUF fakture.,Izvodi,Specifikacija spremna,F-080,Ne,"Podržava jednu uplatu za više faktura i djelimična plaćanja.",,,,,,,,,,,,,,,,,
API-092,POST,/api/bank-statement-lines/:lineId/manual-accounting,Ručno kontiranje stavke izvoda.,Izvodi,Specifikacija spremna,F-081,Ne,"Konto duguje/potražuje i partner po potrebi.",,,,,,,,,,,,,,,,,
API-093,POST,/api/bank-statements/:id/post,Knjiženje izvoda u nalog.,Izvodi,Specifikacija spremna,F-084,Ne,"Jedan izvod = jedan nalog; sve stavke moraju biti READY ili IGNORED.",,,,,,,,,,,,,,,,,
API-094,POST,/api/bank-statements/:id/reopen,Vraćanje proknjiženog izvoda u nacrt.,Izvodi,Specifikacija spremna,F-085,Ne,"Provjera prava, zaključane godine i poništavanje/označavanje efekata.",,,,,,,,,,,,,,,,,
API-095,POST,/api/partners/:partnerId/bank-accounts/learn,Učenje žiro računa komitenta.,Izvodi,Specifikacija spremna,F-079,Ne,"Upisuje partner_bank_accounts sa source BANK_STATEMENT_LEARNED.",,,,,,,,,,,,,,,,,
API-096,POST,/api/bank-posting-rules,Kreiranje pravila knjiženja izvoda.,Izvodi,Specifikacija spremna,F-082,Ne,"Pravila imaju priority, match_type, auto_apply i requires_review.",,,,,,,,,,,,,,,,,
API-097,POST,/api/bank-statements/:id/suggest-all,Automatski predlozi za stavke izvoda.,Izvodi,Specifikacija spremna,F-083,Ne,"Predlozi po računu, fakturi, iznosu, nazivu i pravilima.",,,,,,,,,,,,,,,,,
