Baza podataka,,,,,,,,,,,,,,,,,,,,,,,,,
Plan tabela i ključnih polja za prva 3 zaključena modula.,,,,,,,,,,,,,,,,,,,,,,,,,
,,,,,,,,,,,,,,,,,,,,,,,,,
ID tabele,Naziv tabele,Opis,Ključna polja,Povezan modul,Status,Napomena,,,,,,,,,,,,,,,,,,,
DB-001,users,Korisnici sistema.,"id, agency_id, name, email, password_hash, role, is_active",Korisnici i prava,Implementirano,Tabela korisnici implementirana kao korisnici.,,,,,,,,,,,,,,,,,,,
DB-002,agencies,Knjigovodstvene agencije koje koriste program.,"id, name, pib, status, subscription_status",Korisnici i prava,Implementirano,Tabela agencije implementirana kao agencije.,,,,,,,,,,,,,,,,,,,
DB-003,agency_subscriptions,Pretplate agencija.,"agency_id, package, start_date, end_date, status, limits",Korisnici i prava,Implementirano djelimicno,Tabela agencija_pretplate postoji; UI/poslovni tok nije gotov.,,,,,,,,,,,,,,,,,,,
DB-004,permissions,Prava po modulima i akcijama.,"id, code, module, action",Korisnici i prava,Implementirano,"Prava su implementirana kao korisnik_prava po modulu i akcijama view/create/update/delete/post/cancel/export/manage.",,,,,,,,,,,,,,,,,,,
DB-005,user_permissions,Dodijeljena prava korisniku.,"user_id, permission_id, company_id, can_view, can_create, can_update, can_delete",Korisnici i prava,Implementirano,"Dodijeljena prava postoje isključivo kroz korisnik_prava; korisnik_firma čuva samo dodjelu, vrstu pristupa, glavnog radnika i period važenja.",,,,,,,,,,,,,,,,,,,
DB-006,audit_logs,Evidencija aktivnosti.,"user_id, agency_id, company_id, module, action, old_values, new_values, ip",Svi moduli,Implementirano,Audit log postoji kao audit_log + aktivnosti.,,,,,,,,,,,,,,,,,,,
DB-007,companies,Firme/klijenti agencije.,"agency_id, name, subject_type, pib, vat_number, status",Firme i kontni plan,Implementirano,"Firme implementirane kao firme, uz agency+pib unique.",,,,,,,,,,,,,,,,,,,
DB-008,company_responsible_persons,Odgovorna/kontakt lica firme.,"agency_id, company_id, full_name, personal_id, role, email, phone, is_primary, active, soft_delete",Firme i kontni plan,Implementirano djelimicno,"Tabela firma_odgovorna_lica postoji; unos i detalj firme uređuju primarnog izvršnog direktora i JMBG. Ostaje puni ekran za više uloga i kontakata.",,,,,,,,,,,,,,,,,,,
DB-009,company_bank_accounts,Bankovni računi firme.,"company_id, bank_name, account_number, currency, is_primary",Firme i kontni plan,Nije poceto,Bankovni racuni firme jos nisu implementirani.,,,,,,,,,,,,,,,,,,,
DB-010,business_years,Poslovne godine firme.,"company_id, year, status, opening_balance_entered, locked_at, locked_by",Firme i kontni plan,Implementirano,Poslovne godine postoje kao poslovne_godine.,,,,,,,,,,,,,,,,,,,
DB-011,company_settings,Podešavanja firme/godine.,"company_id, business_year_id, is_vat_payer, uses_payroll, uses_inventory, uses_auto_posting",Firme i kontni plan,Implementirano djelimicno,Osnovni PDV status je na firmi; posebna company_settings tabela nije uvedena.,,,,,,,,,,,,,,,,,,,
DB-012,company_staff_assignments,Radnici agencije dodijeljeni firmi.,"company_id, user_id, role_on_company, is_primary, rights",Firme i kontni plan,Implementirano,Dodjele radnika firmi postoje kroz korisnik_firma.,,,,,,,,,,,,,,,,,,,
DB-013,company_client_users,Klijentski korisnici firme.,"company_id, user_id, can_view_reports, can_upload_documents",Firme i kontni plan,Implementirano,Klijentski korisnici firmi postoje kroz korisnik_firma.,,,,,,,,,,,,,,,,,,,
DB-014,company_contracts,Ugovor/cijena knjigovodstva.,"company_id, monthly_fee, currency, payment_due_day, auto_invoice_enabled",Firme i kontni plan,Nije poceto,Ugovor/cijena nisu implementirani.,,,,,,,,,,,,,,,,,,,
DB-015,account_plan_versions,Verzije osnovnog kontnog plana.,"code, country, valid_from_year, status",Firme i kontni plan,Nije poceto,Verzije kontnog plana nisu implementirane.,,,,,,,,,,,,,,,,,,,
DB-016,account_plan_base,Osnovni kontni plan.,"version_id, account_number, account_name, account_type, normal_balance",Firme i kontni plan,Implementirano,"Osnovni konto model postoji kao konta; puni glavni kontni plan se seeduje migracijom, 1514 aktivnih konta, normalni_saldo po klasama.",,,,,,,,,,,,,,,,,,,
DB-017,company_account_overrides,Specifična konta/izmjene po firmi.,"company_id, base_account_id, account_number, account_name, override_type",Firme i kontni plan,Implementirano,"Specificna konta po firmi postoje kao firma_konta: custom, rename, deactivate i restore osnovnog konta.",,,,,,,,,,,,,,,,,,,
DB-018,company_default_accounts,Podrazumijevana konta firme.,"company_id, business_year_id, setting_key, account_number",Firme i kontni plan,Implementirano,Default konta firme implementirana kao firma_podrazumijevana_konta.,,,,,,,,,,,,,,,,,,,
DB-019,journal_types,Vrste naloga.,"agency_id, company_id, code, name, is_system, number_prefix",Nalozi,Implementirano,Vrste naloga postoje kao vrste_naloga; seedovane su sistemske vrste i podrzane agencijske/firmine vrste.,,,,,,,,,,,,,,,,,,,
DB-020,journal_number_sequences,Brojači naloga.,"company_id, business_year_id, journal_type_id, next_number",Nalozi,Implementirano djelimicno,Posebna tabela brojaca nije uvedena; broj se dodjeljuje po max broj za firma+godina+vrsta u transakciji.,,,,,,,,,,,,,,,,,,,
DB-021,journals,Zaglavlje naloga.,"agency_id, company_id, business_year_id, journal_type_id, journal_number, status, source_type",Nalozi,Implementirano,"Zaglavlje naloga postoji kao nalozi: agencija, firma, godina, vrsta, broj, sifra, status, datumi, soft delete.",,,,,,,,,,,,,,,,,,,
DB-022,journal_lines,Stavke naloga.,"journal_id, line_number, account_number, partner_id, line_date, debit, credit",Nalozi,Implementirano djelimicno,"Stavke naloga postoje kao stavke_naloga; koriste firma_konta, komitent, duguje/potrazuje i redni broj.",,,,,,,,,,,,,,,,,,,
DB-023,journal_document_links,Veza naloga i dokumenata.,"journal_id, source_module, source_document_id, source_document_number",Nalozi,Nije poceto,Veza dokument-nalog jos nije implementirana.,,,,,,,,,,,,,,,,,,,
DB-024,business_units,Poslovne/radne jedinice.,"agency_id, company_id, name, code, is_active",Nalozi/Firme,Nije poceto,Poslovne/radne jedinice jos nisu implementirane.,,,,,,,,,,,,,,,,,,,
DB-025,partners,Partneri kupci/dobavljači.,"agency_id, company_id, name, pib, is_customer, is_supplier",Nalozi,Implementirano,"Partneri postoje kao centralni komitenti sa scope GLOBAL/AGENCY/COMPANY; dodata IRMS polja pravna_forma, sifra_djelatnosti, datum_registracije i importovano 64.750 globalnih partnera.",,,,,,,,,,,,,,,,,,,
,,,,,,,,,,,,,,,,,,,,,,,,,
,,,,,,,,,,,,,,,,,,,,,,,,,
,,,,,,,,,,,,,,,,,,,,,,,,,
,,,,,,,,,,,,,,,,,,,,,,,,,
,,,,,,,,,,,,,,,,,,,,,,,,,
,,,,,,,,,,,,,,,,,,,,,,,,,
,,,,,,,,,,,,,,,,,,,,,,,,,
,,,,,,,,,,,,,,,,,,,,,,,,,
,,,,,,,,,,,,,,,,,,,,,,,,,
,,,,,,,,,,,,,,,,,,,,,,,,,
,,,,,,,,,,,,,,,,,,,,,,,,,
,,,,,,,,,,,,,,,,,,,,,,,,,
,,,,,,,,,,,,,,,,,,,,,,,,,
,,,,,,,,,,,,,,,,,,,,,,,,,
,,,,,,,,,,,,,,,,,,,,,,,,,
,,,,,,,,,,,,,,,,,,,,,,,,,
,,,,,,,,,,,,,,,,,,,,,,,,,
,,,,,,,,,,,,,,,,,,,,,,,,,
,,,,,,,,,,,,,,,,,,,,,,,,,
,,,,,,,,,,,,,,,,,,,,,,,,,
,,,,,,,,,,,,,,,,,,,,,,,,,
,,,,,,,,,,,,,,,,,,,,,,,,,
,,,,,,,,,,,,,,,,,,,,,,,,,
,,,,,,,,,,,,,,,,,,,,,,,,,
,,,,,,,,,,,,,,,,,,,,,,,,,
,,,,,,,,,,,,,,,,,,,,,,,,,
,,,,,,,,,,,,,,,,,,,,,,,,,
,,,,,,,,,,,,,,,,,,,,,,,,,
,,,,,,,,,,,,,,,,,,,,,,,,,
,,,,,,,,,,,,,,,,,,,,,,,,,
,,,,,,,,,,,,,,,,,,,,,,,,,
,,,,,,,,,,,,,,,,,,,,,,,,,
,,,,,,,,,,,,,,,,,,,,,,,,,
,,,,,,,,,,,,,,,,,,,,,,,,,
,,,,,,,,,,,,,,,,,,,,,,,,,
,,,,,,,,,,,,,,,,,,,,,,,,,
,,,,,,,,,,,,,,,,,,,,,,,,,
,,,,,,,,,,,,,,,,,,,,,,,,,
,,,,,,,,,,,,,,,,,,,,,,,,,
,,,,,,,,,,,,,,,,,,,,,,,,,
,,,,,,,,,,,,,,,,,,,,,,,,,
,,,,,,,,,,,,,,,,,,,,,,,,,
,,,,,,,,,,,,,,,,,,,,,,,,,
,,,,,,,,,,,,,,,,,,,,,,,,,
,,,,,,,,,,,,,,,,,,,,,,,,,
,,,,,,,,,,,,,,,,,,,,,,,,,
,,,,,,,,,,,,,,,,,,,,,,,,,
,,,,,,,,,,,,,,,,,,,,,,,,,
,,,,,,,,,,,,,,,,,,,,,,,,,
,,,,,,,,,,,,,,,,,,,,,,,,,
,,,,,,,,,,,,,,,,,,,,,,,,,
,,,,,,,,,,,,,,,,,,,,,,,,,
,,,,,,,,,,,,,,,,,,,,,,,,,
,,,,,,,,,,,,,,,,,,,,,,,,,
,,,,,,,,,,,,,,,,,,,,,,,,,
,,,,,,,,,,,,,,,,,,,,,,,,,
,,,,,,,,,,,,,,,,,,,,,,,,,
,,,,,,,,,,,,,,,,,,,,,,,,,
,,,,,,,,,,,,,,,,,,,,,,,,,
,,,,,,,,,,,,,,,,,,,,,,,,,
,,,,,,,,,,,,,,,,,,,,,,,,,
,,,,,,,,,,,,,,,,,,,,,,,,,
,,,,,,,,,,,,,,,,,,,,,,,,,
,,,,,,,,,,,,,,,,,,,,,,,,,
,,,,,,,,,,,,,,,,,,,,,,,,,
,,,,,,,,,,,,,,,,,,,,,,,,,
,,,,,,,,,,,,,,,,,,,,,,,,,
,,,,,,,,,,,,,,,,,,,,,,,,,
,,,,,,,,,,,,,,,,,,,,,,,,,
,,,,,,,,,,,,,,,,,,,,,,,,,
,,,,,,,,,,,,,,,,,,,,,,,,,
,,,,,,,,,,,,,,,,,,,,,,,,,
,,,,,,,,,,,,,,,,,,,,,,,,,
,,,,,,,,,,,,,,,,,,,,,,,,,
,,,,,,,,,,,,,,,,,,,,,,,,,
,,,,,,,,,,,,,,,,,,,,,,,,,
,,,,,,,,,,,,,,,,,,,,,,,,,
,,,,,,,,,,,,,,,,,,,,,,,,,
,,,,,,,,,,,,,,,,,,,,,,,,,
,,,,,,,,,,,,,,,,,,,,,,,,,
,,,,,,,,,,,,,,,,,,,,,,,,,
,,,,,,,,,,,,,,,,,,,,,,,,,
,,,,,,,,,,,,,,,,,,,,,,,,,
,,,,,,,,,,,,,,,,,,,,,,,,,
,,,,,,,,,,,,,,,,,,,,,,,,,
,,,,,,,,,,,,,,,,,,,,,,,,,
,,,,,,,,,,,,,,,,,,,,,,,,,
,,,,,,,,,,,,,,,,,,,,,,,,,
,,,,,,,,,,,,,,,,,,,,,,,,,
,,,,,,,,,,,,,,,,,,,,,,,,,
,,,,,,,,,,,,,,,,,,,,,,,,,
,,,,,,,,,,,,,,,,,,,,,,,,,
,,,,,,,,,,,,,,,,,,,,,,,,,
,,,,,,,,,,,,,,,,,,,,,,,,,
,,,,,,,,,,,,,,,,,,,,,,,,,
,,,,,,,,,,,,,,,,,,,,,,,,,
,,,,,,,,,,,,,,,,,,,,,,,,,
,,,,,,,,,,,,,,,,,,,,,,,,,
,,,,,,,,,,,,,,,,,,,,,,,,,
,,,,,,,,,,,,,,,,,,,,,,,,,
,,,,,,,,,,,,,,,,,,,,,,,,,
,,,,,,,,,,,,,,,,,,,,,,,,,
,,,,,,,,,,,,,,,,,,,,,,,,,
,,,,,,,,,,,,,,,,,,,,,,,,,
,,,,,,,,,,,,,,,,,,,,,,,,,
,,,,,,,,,,,,,,,,,,,,,,,,,
,,,,,,,,,,,,,,,,,,,,,,,,,
,,,,,,,,,,,,,,,,,,,,,,,,,
,,,,,,,,,,,,,,,,,,,,,,,,,
,,,,,,,,,,,,,,,,,,,,,,,,,
,,,,,,,,,,,,,,,,,,,,,,,,,
,,,,,,,,,,,,,,,,,,,,,,,,,
,,,,,,,,,,,,,,,,,,,,,,,,,
,,,,,,,,,,,,,,,,,,,,,,,,,
,,,,,,,,,,,,,,,,,,,,,,,,,
,,,,,,,,,,,,,,,,,,,,,,,,,
,,,,,,,,,,,,,,,,,,,,,,,,,
,,,,,,,,,,,,,,,,,,,,,,,,,
,,,,,,,,,,,,,,,,,,,,,,,,,
,,,,,,,,,,,,,,,,,,,,,,,,,
,,,,,,,,,,,,,,,,,,,,,,,,,
,,,,,,,,,,,,,,,,,,,,,,,,,
,,,,,,,,,,,,,,,,,,,,,,,,,
,,,,,,,,,,,,,,,,,,,,,,,,,
,,,,,,,,,,,,,,,,,,,,,,,,,
,,,,,,,,,,,,,,,,,,,,,,,,,
,,,,,,,,,,,,,,,,,,,,,,,,,
,,,,,,,,,,,,,,,,,,,,,,,,,
,,,,,,,,,,,,,,,,,,,,,,,,,
,,,,,,,,,,,,,,,,,,,,,,,,,
,,,,,,,,,,,,,,,,,,,,,,,,,
,,,,,,,,,,,,,,,,,,,,,,,,,
,,,,,,,,,,,,,,,,,,,,,,,,,
,,,,,,,,,,,,,,,,,,,,,,,,,
,,,,,,,,,,,,,,,,,,,,,,,,,
,,,,,,,,,,,,,,,,,,,,,,,,,
,,,,,,,,,,,,,,,,,,,,,,,,,
,,,,,,,,,,,,,,,,,,,,,,,,,
,,,,,,,,,,,,,,,,,,,,,,,,,
,,,,,,,,,,,,,,,,,,,,,,,,,
,,,,,,,,,,,,,,,,,,,,,,,,,
,,,,,,,,,,,,,,,,,,,,,,,,,
,,,,,,,,,,,,,,,,,,,,,,,,,
,,,,,,,,,,,,,,,,,,,,,,,,,
,,,,,,,,,,,,,,,,,,,,,,,,,
,,,,,,,,,,,,,,,,,,,,,,,,,
,,,,,,,,,,,,,,,,,,,,,,,,,
,,,,,,,,,,,,,,,,,,,,,,,,,
,,,,,,,,,,,,,,,,,,,,,,,,,
,,,,,,,,,,,,,,,,,,,,,,,,,
,,,,,,,,,,,,,,,,,,,,,,,,,
,,,,,,,,,,,,,,,,,,,,,,,,,
,,,,,,,,,,,,,,,,,,,,,,,,,
,,,,,,,,,,,,,,,,,,,,,,,,,
,,,,,,,,,,,,,,,,,,,,,,,,,
,,,,,,,,,,,,,,,,,,,,,,,,,
,,,,,,,,,,,,,,,,,,,,,,,,,
,,,,,,,,,,,,,,,,,,,,,,,,,
,,,,,,,,,,,,,,,,,,,,,,,,,
,,,,,,,,,,,,,,,,,,,,,,,,,
,,,,,,,,,,,,,,,,,,,,,,,,,
,,,,,,,,,,,,,,,,,,,,,,,,,
,,,,,,,,,,,,,,,,,,,,,,,,,
,,,,,,,,,,,,,,,,,,,,,,,,,
,,,,,,,,,,,,,,,,,,,,,,,,,
,,,,,,,,,,,,,,,,,,,,,,,,,
,,,,,,,,,,,,,,,,,,,,,,,,,
,,,,,,,,,,,,,,,,,,,,,,,,,
,,,,,,,,,,,,,,,,,,,,,,,,,
,,,,,,,,,,,,,,,,,,,,,,,,,
,,,,,,,,,,,,,,,,,,,,,,,,,
,,,,,,,,,,,,,,,,,,,,,,,,,
,,,,,,,,,,,,,,,,,,,,,,,,,
,,,,,,,,,,,,,,,,,,,,,,,,,
,,,,,,,,,,,,,,,,,,,,,,,,,
,,,,,,,,,,,,,,,,,,,,,,,,,
,,,,,,,,,,,,,,,,,,,,,,,,,
,,,,,,,,,,,,,,,,,,,,,,,,,
,,,,,,,,,,,,,,,,,,,,,,,,,
,,,,,,,,,,,,,,,,,,,,,,,,,
,,,,,,,,,,,,,,,,,,,,,,,,,
,,,,,,,,,,,,,,,,,,,,,,,,,
,,,,,,,,,,,,,,,,,,,,,,,,,
,,,,,,,,,,,,,,,,,,,,,,,,,
,,,,,,,,,,,,,,,,,,,,,,,,,
,,,,,,,,,,,,,,,,,,,,,,,,,
,,,,,,,,,,,,,,,,,,,,,,,,,
,,,,,,,,,,,,,,,,,,,,,,,,,
,,,,,,,,,,,,,,,,,,,,,,,,,
,,,,,,,,,,,,,,,,,,,,,,,,,
,,,,,,,,,,,,,,,,,,,,,,,,,
,,,,,,,,,,,,,,,,,,,,,,,,,
,,,,,,,,,,,,,,,,,,,,,,,,,
,,,,,,,,,,,,,,,,,,,,,,,,,
,,,,,,,,,,,,,,,,,,,,,,,,,
,,,,,,,,,,,,,,,,,,,,,,,,,
,,,,,,,,,,,,,,,,,,,,,,,,,
,,,,,,,,,,,,,,,,,,,,,,,,,
,,,,,,,,,,,,,,,,,,,,,,,,,
,,,,,,,,,,,,,,,,,,,,,,,,,
,,,,,,,,,,,,,,,,,,,,,,,,,
,,,,,,,,,,,,,,,,,,,,,,,,,
,,,,,,,,,,,,,,,,,,,,,,,,,
,,,,,,,,,,,,,,,,,,,,,,,,,
,,,,,,,,,,,,,,,,,,,,,,,,,
,,,,,,,,,,,,,,,,,,,,,,,,,
,,,,,,,,,,,,,,,,,,,,,,,,,
,,,,,,,,,,,,,,,,,,,,,,,,,
,,,,,,,,,,,,,,,,,,,,,,,,,
,,,,,,,,,,,,,,,,,,,,,,,,,
,,,,,,,,,,,,,,,,,,,,,,,,,
,,,,,,,,,,,,,,,,,,,,,,,,,
,,,,,,,,,,,,,,,,,,,,,,,,,
,,,,,,,,,,,,,,,,,,,,,,,,,
,,,,,,,,,,,,,,,,,,,,,,,,,
,,,,,,,,,,,,,,,,,,,,,,,,,
,,,,,,,,,,,,,,,,,,,,,,,,,
,,,,,,,,,,,,,,,,,,,,,,,,,
,,,,,,,,,,,,,,,,,,,,,,,,,
,,,,,,,,,,,,,,,,,,,,,,,,,
,,,,,,,,,,,,,,,,,,,,,,,,,
,,,,,,,,,,,,,,,,,,,,,,,,,
,,,,,,,,,,,,,,,,,,,,,,,,,
,,,,,,,,,,,,,,,,,,,,,,,,,
,,,,,,,,,,,,,,,,,,,,,,,,,
,,,,,,,,,,,,,,,,,,,,,,,,,
,,,,,,,,,,,,,,,,,,,,,,,,,
,,,,,,,,,,,,,,,,,,,,,,,,,
,,,,,,,,,,,,,,,,,,,,,,,,,
,,,,,,,,,,,,,,,,,,,,,,,,,
,,,,,,,,,,,,,,,,,,,,,,,,,
,,,,,,,,,,,,,,,,,,,,,,,,,
,,,,,,,,,,,,,,,,,,,,,,,,,
,,,,,,,,,,,,,,,,,,,,,,,,,
,,,,,,,,,,,,,,,,,,,,,,,,,
,,,,,,,,,,,,,,,,,,,,,,,,,
,,,,,,,,,,,,,,,,,,,,,,,,,
,,,,,,,,,,,,,,,,,,,,,,,,,
,,,,,,,,,,,,,,,,,,,,,,,,,
,,,,,,,,,,,,,,,,,,,,,,,,,
,,,,,,,,,,,,,,,,,,,,,,,,,
,,,,,,,,,,,,,,,,,,,,,,,,,
,,,,,,,,,,,,,,,,,,,,,,,,,
,,,,,,,,,,,,,,,,,,,,,,,,,
,,,,,,,,,,,,,,,,,,,,,,,,,
,,,,,,,,,,,,,,,,,,,,,,,,,
,,,,,,,,,,,,,,,,,,,,,,,,,
,,,,,,,,,,,,,,,,,,,,,,,,,
,,,,,,,,,,,,,,,,,,,,,,,,,
,,,,,,,,,,,,,,,,,,,,,,,,,
,,,,,,,,,,,,,,,,,,,,,,,,,
,,,,,,,,,,,,,,,,,,,,,,,,,
,,,,,,,,,,,,,,,,,,,,,,,,,
,,,,,,,,,,,,,,,,,,,,,,,,,
,,,,,,,,,,,,,,,,,,,,,,,,,
,,,,,,,,,,,,,,,,,,,,,,,,,
,,,,,,,,,,,,,,,,,,,,,,,,,
,,,,,,,,,,,,,,,,,,,,,,,,,
,,,,,,,,,,,,,,,,,,,,,,,,,
,,,,,,,,,,,,,,,,,,,,,,,,,
,,,,,,,,,,,,,,,,,,,,,,,,,
,,,,,,,,,,,,,,,,,,,,,,,,,
,,,,,,,,,,,,,,,,,,,,,,,,,
,,,,,,,,,,,,,,,,,,,,,,,,,
,,,,,,,,,,,,,,,,,,,,,,,,,
,,,,,,,,,,,,,,,,,,,,,,,,,
,,,,,,,,,,,,,,,,,,,,,,,,,
,,,,,,,,,,,,,,,,,,,,,,,,,
,,,,,,,,,,,,,,,,,,,,,,,,,
,,,,,,,,,,,,,,,,,,,,,,,,,
,,,,,,,,,,,,,,,,,,,,,,,,,
DB-026,artikli,Artikli i usluge.,"agencija_id, firma_id, sifra, naziv, barkod, usluga, prati_zalihe, grupa_artikla_id, jedinica_mjere_id, pdv_stopa_id",Robno knjigovodstvo,Implementirano,F-039,"Dodato migracijom 20260726120000_robno_sifarnici; šifra i opcioni barkod jedinstveni su po firmi.",,,,,,,,,,,,,,,,,,
DB-027,grupe_artikala,Grupe artikala.,"agencija_id, firma_id, sifra, naziv, aktivna",Robno knjigovodstvo,Implementirano,F-039,"Dodato migracijom 20260726120000_robno_sifarnici.",,,,,,,,,,,,,,,,,,
DB-028,cijene_artikala,Više cijena artikla.,"artikal_id, tip, cijena_bez_pdv, cijena_sa_pdv, pdv_stopa_procenat, vazi_od, vazi_do",Robno knjigovodstvo,Implementirano,F-040,"Dodato migracijom 20260726120000_robno_sifarnici; model podržava period, kupca i magacin.",,,,,,,,,,,,,,,,,,
DB-029,magacini,Magacini firme.,"agencija_id, firma_id, sifra, naziv, dozvoli_negativan_lager, aktivan",Robno knjigovodstvo,Implementirano,F-041,"Dodato migracijom 20260726120000_robno_sifarnici; null pravilo negativnog lagera nasljeđuje firmu.",,,,,,,,,,,,,,,,,,
DB-030,stanja_zaliha,Trenutno stanje zaliha.,"firma_id, poslovna_godina_id, magacin_id, artikal_id, kolicina, prosjecna_nabavna_cijena, nabavna_vrijednost",Robno knjigovodstvo,Implementirano,F-042,"Dodato migracijom 20260729120000_domace_kalkulacije; unique firma+godina+magacin+artikal.",,,,,,,,,,,,,,,,,,
DB-031,prometi_zaliha,Kartica artikla i promet zaliha.,"tip_dokumenta, dokument_id, artikal_id, kolicina, jedinicna_nabavna_cijena, kolicina_nakon",Robno knjigovodstvo,Implementirano,F-060,"Dodato migracijom 20260729120000_domace_kalkulacije; domaća kalkulacija upisuje IN promet.",,,,,,,,,,,,,,,,,,
DB-032,kalkulacije,Zaglavlje kalkulacije.,"dobavljac_id, magacin_id, tip, tip_prodaje, status, kuf_book_id, kuf_entry_id, nalog_id, fiscal_iic, fiscal_fic, fiscal_source_url",Robno knjigovodstvo,Implementirano,"F-045,F-051","Domaća kalkulacija implementirana migracijom 20260729120000_domace_kalkulacije; MAPR identifikatori dodati migracijom 20260730100000_mapr_kalkulacija_stavke; status WAITING_KUF i naknadno povezivanje sa KUF zapisom dodati migracijom 20260730130000_kalkulacije_preuzimanje_u_kuf; uvozna slijedi odvojeno.",,,,,,,,,,,,,,,,,,
DB-033,stavke_kalkulacije,Stavke kalkulacije.,"kalkulacija_id, artikal_id, kolicina, fakturna_cijena, rabat, ulazni_pdv, nabavna_i_prodajna_vrijednost, izvorni MAPR neto i PDV",Robno knjigovodstvo,Implementirano,F-045,"Čuva snapshot svih obračunskih vrijednosti po stavci; izvorni raspoređeni iznosi čuvaju identične MAPR zbirove i pri promjeni prodajne cijene. Marža i RUC su DECIMAL(15,4) od migracije 20260730113000_kalkulacija_siri_procenti.",,,,,,,,,,,,,,,,,,
DB-034,zavisni_troskovi_kalkulacije,Zavisni troškovi kalkulacije.,"kalkulacija_id, vrsta, iznos, nacin_raspodjele",Robno knjigovodstvo,Implementirano djelimicno,F-046,"Automatska raspodjela BY_VALUE implementirana; ručna korekcija po stavci ostaje.",,,,,,,,,,,,,,,,,,
DB-035,import_declarations,Carinske deklaracije za uvoz.,"calculation_id, declaration_number, customs_amount, customs_vat_amount",Robno knjigovodstvo,Zaključeno,F-051,,,,,,,,,,,,,,,,,,,
DB-036,supplier_returns,Zaglavlje povrata dobavljaču.,"supplier_id, warehouse_id, return_number, status, journal_id",Robno knjigovodstvo,Zaključeno,F-052,,,,,,,,,,,,,,,,,,,
DB-037,supplier_return_lines,Stavke povrata dobavljaču.,"supplier_return_id, item_id, quantity, purchase_value",Robno knjigovodstvo,Zaključeno,F-052,,,,,,,,,,,,,,,,,,,
DB-038,warehouse_transfers,Zaglavlje prenosa robe.,"source_warehouse_id, destination_warehouse_id, transfer_number, status",Robno knjigovodstvo,Zaključeno,F-054,,,,,,,,,,,,,,,,,,,
DB-039,warehouse_transfer_lines,Stavke prenosa robe.,"warehouse_transfer_id, item_id, quantity, unit_cost",Robno knjigovodstvo,Zaključeno,F-054,,,,,,,,,,,,,,,,,,,
DB-040,stock_counts,Zaglavlje popisa robe.,"warehouse_id, count_number, count_date, status, journal_id",Robno knjigovodstvo,Zaključeno,F-055,,,,,,,,,,,,,,,,,,,
DB-041,stock_count_lines,Stavke popisa.,"stock_count_id, item_id, book_quantity, actual_quantity, difference_type",Robno knjigovodstvo,Zaključeno,"F-055,F-056,F-057",,,,,,,,,,,,,,,,,,,
DB-042,stock_writeoffs,Zaglavlje otpisa robe.,"warehouse_id, writeoff_number, reason, status, journal_id",Robno knjigovodstvo,Zaključeno,F-058,,,,,,,,,,,,,,,,,,,
DB-043,stock_writeoff_lines,Stavke otpisa robe.,"stock_writeoff_id, item_id, quantity, unit_cost, total_cost",Robno knjigovodstvo,Zaključeno,F-058,,,,,,,,,,,,,,,,,,,
DB-044,price_adjustments,Zaglavlje nivelacije.,"warehouse_id, adjustment_number, adjustment_date, status, journal_id",Robno knjigovodstvo,Zaključeno,F-059,,,,,,,,,,,,,,,,,,,
DB-045,price_adjustment_lines,Stavke nivelacije.,"price_adjustment_id, item_id, old_retail_price, new_retail_price",Robno knjigovodstvo,Zaključeno,F-059,,,,,,,,,,,,,,,,,,,
DB-046,pdv_stope,Šifarnik PDV stopa po agenciji.,"agency_id, code, name, percent, is_active, display_order, valid_from, valid_to",Podešavanja / PDV,Implementirano,Migracija 20260621090000_pdv_stope.,,,,,,,,,,,,,,,,,,,
DB-047,kuf_entries,Zaglavlje KUF zapisa.,"kuf_book_id, agency_id, company_id, business_year_id, supplier_id, expense_account_id, internal_kuf_number, totals, status",Računi / KUF,Implementirano,KUF zapis je vezan za opcionalnu KUF knjigu; nova unosna logika koristi kuf_book_id.,,,,,,,,,,,,,,,,,,,
DB-048,kuf_entry_tax_lines,Poreska razrada KUF zapisa po PDV stopama.,"kuf_entry_id, vat_rate_id, percent, base, input_vat, deductible_vat, non_deductible_vat",Računi / KUF,Implementirano,Pamti procenat i naziv stope iz trenutka unosa.,,,,,,,,,,,,,,,,,,,
DB-049,kuf_books,Mjesečne KUF knjige po firmi i poslovnoj godini.,"agency_id, company_id, business_year_id, racun_vrsta_id, redni_broj, internal_kuf_number, mjesec, kuf_date, status",Računi / KUF,Implementirano,Migracija 20260621121500_kuf_knjige.,KUF knjige su vezane na dinamičku vrstu računa; probni KUF podaci se brišu migracijom 20260621143000_dinamicke_vrste_racuna_i_seme.,,,,,,,,,,,,,,,,,,
DB-050,racun_vrste,Dinamičke vrste KIF/KUF knjiga.,"agency_id, company_id, document_type, code, name, vrsta_naloga_id, order, system, active",Računi / KIF-KUF,Implementirano,"Vrste se koriste za otvaranje knjiga, izbor šeme kontiranja i izbor vrste naloga za automatsko knjiženje.",Vrste se koriste za otvaranje knjiga i za izbor šeme kontiranja.,,,,,,,,,,,,,,,,,,
DB-051,racun_kontiranje_pravila,Pravila kontiranja po vrsti KIF/KUF i polju iznosa.,"invoice_type_id, field_code, field_name, vat_rate_code, debit_credit, account_source, account_code",Računi / KIF-KUF,Implementirano,Podržava konto iz unosa računa i izabrano konto; pravila se koriste za automatsko kreiranje stavki naloga iz KIF/KUF knjiga.,Podržava konto iz unosa računa i izabrano konto.,,,,,,,,,,,,,,,,,,
DB-052,kif_books,Mjesečne KIF knjige po firmi i poslovnoj godini.,"agency_id, company_id, business_year_id, invoice_type_id, number, month, kif_date, status",Računi / KIF,Implementirano,F-063,Migracija 20260621152000_kif_knjige_i_racuni.,,,,,,,,,,,,,,,,,,
DB-053,kif_entries / kif_entry_tax_lines,KIF izlazni računi i poreska razrada.,"customer_id, revenue_account_id, totals, tax lines by VAT rate",Računi / KIF,Implementirano,F-063,Osnovni unos KIF računa je povezan sa šemom kontiranja.,,,,,,,,,,,,,,,,,,
DB-054,pdv_periodi,PDV periodi po mjesecu aktivne firme/godine.,"agencija_id, firma_id, poslovna_godina_id, mjesec, datum_od, datum_do, status",PDV,Implementirano,F-072,Migracija 20260628150000_pdv_periodi_prijave_podesavanja.,,,,,,,,,,,,,,,,,,
DB-055,pdv_prijave,PDV prijava za period.,"pdv_period_id, totals, status, journal_id, xml_generated_at",PDV,Implementirano djelimicno,F-074,Jedna prijava po periodu; pamti zbirne iznose i nalog knjiženja.,,,,,,,,,,,,,,,,,,
DB-056,pdv_prijava_stavke,Redovi PDV prijave.,"pdv_prijava_id, sifra, opis, kolona, sistemska_vrijednost, rucna_vrijednost, razlog_korekcije",PDV,Implementirano djelimicno,F-074,Čuva sistemsku i ručnu vrijednost po redu obrasca.,,,,,,,,,,,,,,,,,,
DB-057,pdv_podesavanja,Podešavanja knjiženja PDV prijave.,"vrsta_naloga_id, izlazni/ulazni/obaveza/kredit/neodbitni konta i smjerovi D/P",PDV,Implementirano,F-075,Jedan zapis po firmi i poslovnoj godini; migracija 20260628162000 dodaje smjerove.,,,,,,,,,,,,,,,,,,
DB-058,pdv_podesavanja_pravila,Pravila knjiženja PDV prijave po poljima.,"pdv_podesavanja_id, polje_sifra, polje_naziv, pdv_stopa_sifra, smjer, konto_id",PDV,Implementirano,F-075,Pravila po aktivnim PDV stopama iz baze i posebna pravila za carinski/paušalni/obaveza/kredit.,,,,,,,,,,,,,,,,,,
DB-059,bank_statement_imports,Import sesija bankovnog izvoda.,"agency_id, company_id, business_year_id, company_bank_account_id, file_name, file_type, raw_text, parsed_json, import_status",Izvodi,Specifikacija spremna,F-076,"Čuva upload PDF/HTML izvoda prije kreiranja izvoda.",,,,,,,,,,,,,,,,,,
DB-060,bank_statement_import_lines,Parsirane stavke import sesije.,"bank_statement_import_id, line_number, raw_text, parsed_date, parsed_description, parsed_account_number, parsed_inflow, parsed_outflow, parse_status",Izvodi,Specifikacija spremna,F-077,"Omogućava preview i korekcije prije kreiranja izvoda.",,,,,,,,,,,,,,,,,,
DB-061,bank_statements,Zaglavlje bankovnog izvoda.,"agency_id, company_id, business_year_id, company_bank_account_id, statement_number, statement_date, opening_balance, total_inflow, total_outflow, closing_balance, status, journal_id",Izvodi,Implementirano,F-084,"Dodato migracijom 20260629190000_bank_statements_mvp; jedan izvod u pravilu kreira jedan nalog.",,,,,,,,,,,,,,,,,,
DB-062,bank_statement_lines,Stavke bankovnog izvoda.,"bank_statement_id, line_number, posting_date, value_date, description, reference_number, counterparty_account_number_normalized, inflow_amount, outflow_amount, direction, partner_id, match_status, posting_status, confidence_score, manual accounts",Izvodi,Implementirano,"F-078,F-079,F-081","Dodato migracijom 20260629190000_bank_statements_mvp; stavke nose prepoznavanje, status i ručno kontiranje.",,,,,,,,,,,,,,,,,,
DB-063,partner_bank_accounts,Žiro računi komitenata.,"agency_id, company_id, partner_id, bank_name, account_number, normalized_account_number, is_primary, is_active, source",Izvodi,Implementirano,F-079,"Dodato migracijom 20260629190000_bank_statements_mvp; UI za učenje računa ostaje otvoren.",,,,,,,,,,,,,,,,,,
DB-064,bank_statement_line_allocations,Alokacije stavki izvoda na KIF/KUF fakture.,"bank_statement_line_id, book_type, invoice_id, allocated_amount",Izvodi,Specifikacija spremna,F-080,"Many-to-many veza: jedna uplata može zatvoriti više faktura, jedna faktura više uplata.",,,,,,,,,,,,,,,,,,
DB-065,bank_posting_rules,Pravila automatskog knjiženja izvoda.,"agencija_id, firma_id nullable, direction, counterparty_account_number, description_contains, reference_contains, payment_code, priority, account_code, account_id, partner_id, auto_apply, requires_review",Izvodi,Implementirano,F-082,"Pravila mogu biti zajednička za agenciju ili specifična za firmu; account_code čuva šifru konta za primjenu kroz firme.",,,,,,,,,,,,,,,,,,
DB-066,bank_rule_applications,Primjena pravila knjiženja na stavku izvoda.,"bank_posting_rule_id, bank_statement_line_id, applied_result, confidence_score, was_auto_applied, was_confirmed_by_user",Izvodi,Specifikacija spremna,F-082,"Audit/praćenje koji predlog je došao od kojeg pravila.",,,,,,,,,,,,,,,,,,
DB-067,plate_prirez_stope,Globalni šifarnik stopa i računa prireza po opštinama.,"opstina, djp_sifra, stopa, prirez_ziro_racun, prirez_sifra_placanja, porez_ziro_racun, porez_sifra_placanja, valid_from, valid_to, aktivna",Plate i zaposleni,Implementirano,M-006,"Sadrži 21 opštinu iz 001LP.mdb/B_Opstine; koristi ga obračun plata i M-4. Prazni računi u izvornom šifarniku ostaju prazni.",,,,,,,,,,,,,,,,,,
DB-068,plate_sifre_primanja,Obračunske šifre i podšifre primanja povezane sa zvaničnom IOPPD osnovom.,"sifra, nadredjena_sifra_id, ioppd_sifra_id, osnova_obracuna_id, obracunski_koeficijent, koeficijent_tip, osnovica_porez_proc_override, ulazi_u_fond_sati, izvorni_podaci",Plate i zaposleni,Implementirano,M-006,"Zvaničnih 108 osnova ostaje autoritativno; dodato je 25 podšifara i korisni obračunski parametri iz 001LP.mdb/A_SifR bez preuzimanja starih stopa.",,,,,,,,,,,,,,,,,,
DB-069,plate_kontiranje_podesavanja,Podešavanje knjiženja obračuna po firmi/godini i kategoriji.,"agencija_id, firma_id, poslovna_godina_id, kategorija, vrsta_naloga_id, opis_naloga",Plate i zaposleni,Implementirano,F-092,"Jedna šema za svaku kategoriju: redovan rad, ugovor o djelu, zakup i ostali ugovori.",,,,,,,,,,,,,,,,,,
DB-070,plate_kontiranje_pravila,Pravila D/P kontiranja po komponenti obračuna.,"podesavanje_id, komponenta, naziv, grupa, izvorno_polje, duguje_konto_id, potrazuje_konto_id, aktivan, redosljed",Plate i zaposleni,Implementirano,F-092,"Neto, porez, prirez, pojedinačni doprinosi i ostale obaveze imaju posebna konta; zbirni redovi su isključene alternative.",,,,,,,,,,,,,,,,,,
DB-071,plate_obracuni.nalog_id,Jedinstvena veza proknjiženog obračuna sa automatskim PAYROLL nalogom.,"nalog_id unique nullable, posted_at, posted_by",Plate i zaposleni,Implementirano,F-093,"Strani ključ je ON DELETE SET NULL; aplikacija blokira ponovno knjiženje i opšte vraćanje PAYROLL naloga u nacrt.",,,,,,,,,,,,,,,,,,
DB-072,jedinice_mjere,Globalni šifarnik jedinica mjere.,"sifra, naziv, oznaka, decimalna_mjesta, redosljed, aktivna",Robno knjigovodstvo,Implementirano,F-039,"Dodato migracijom 20260726120000_robno_sifarnici i prošireno migracijom 20260727100000_jedinice_mjere_periodi; ukupno 15 početnih jedinica mjere.",,,,,,,,,,,,,,,,,,
DB-073,dobavljac_artikal_veze,Veza dobavljačeve šifre ili opisa sa internim artiklom.,"agencija_id, firma_id, dobavljac_id, artikal_id, external_key, external_code, external_name, external_unit, external_vat_rate",Robno knjigovodstvo,Implementirano,F-045,"Dodato migracijom 20260730100000_mapr_kalkulacija_stavke; jedinstvena veza po firmi, dobavljaču i spoljnom ključu ubrzava sljedeći MAPR uvoz.",,,,,,,,,,,,,,,,,,
DB-074,poslovne_jedinice,Organizacione jedinice firme koje povezuju magacine i naloge.,"agencija_id, firma_id, sifra, naziv, tip, adresa, grad, aktivna, audit/soft-delete",Nalozi / Robno,Implementirano,"F-026,F-041","Migracija 20260902120000_poslovne_jedinice dodaje šifarnik i opcione veze na magacine, kalkulacije i naloge.",,,,,,,,,,,,,,,,,,
