Ekrani aplikacije,,,,,,,,,,,,,,,,,,,,,,,,,
Plan UI ekrana za prva 3 zaključena modula.,,,,,,,,,,,,,,,,,,,,,,,,,
,,,,,,,,,,,,,,,,,,,,,,,,,
ID ekrana,Modul,Naziv ekrana,Opis,Prioritet,Status,Povezane funkcije,Napomena,,,,,,,,,,,,,,,,,,
UI-001,"Korisnici, agencije i prava",Super admin — Agencije,"Pregled agencija, pretplata, statusa aktivacije i isteka.",Vrlo visok,Implementirano djelimicno,"F-001,F-003,F-004",Pregled agencija postoji; pretplate nisu kompletno UI zaokruzene.,,,,,,,,,,,,,,,,,,
UI-002,"Korisnici, agencije i prava",Agencijski admin — Radnici,Kreiranje radnika i dodjela prava.,Vrlo visok,Implementirano,"F-005,F-008",Kreiranje radnika i dodjela prava postoje.,,,,,,,,,,,,,,,,,,
UI-003,"Korisnici, agencije i prava",Agencijski admin — Prava pristupa,"Matrica prava po firmama, modulima i akcijama.",Vrlo visok,Implementirano djelimicno,"F-007,F-008",Matrica prava postoji; enforcement prava treba dodatno zakljucati.,,,,,,,,,,,,,,,,,,
UI-004,"Korisnici, agencije i prava",Učinak radnika,Dnevni/nedjeljni/mjesečni pregled aktivnosti po radniku.,Visok,U izradi,"F-009,F-010",Postoji audit/aktivnost osnova; puni ekran ucinka jos nije implementiran.,,,,,,,,,,,,,,,,,,
UI-005,Firme i kontni plan,Lista firmi,"Naziv, PIB, tip, PDV status, godina, glavni radnik, status.",Vrlo visok,Implementirano,"F-012,F-014,F-019",Lista firmi postoji kao /agencija/firme.,,,,,,,,,,,,,,,,,,
UI-006,Firme i kontni plan,Dodavanje firme,"Unos PIB-a, IRMS pretraga, provjera podataka i snimanje.",Vrlo visok,Implementirano,"F-012,F-013",Dodavanje firme sa IRMS pretragom postoji kao /agencija/firme/nova.,,,,,,,,,,,,,,,,,,
UI-007,Firme i kontni plan,Profil firme,"Tabovi: podaci, lica, banke, godine, podešavanja, radnici, klijenti, ugovor, kontni plan.",Vrlo visok,Implementirano djelimicno,F-012-F-023,"Detalj firme sada prikazuje osnovne podatke, godine, bankovne racune, ugovor/cijenu i korisnike; odgovorna lica, kontni plan i podesavanja jos nisu kompletirani.",,,,,,,,,,,,,,,,,,
UI-008,Firme i kontni plan,Poslovne godine,"Otvaranje, zaključavanje, otključavanje i arhiva godina.",Vrlo visok,Implementirano,"F-014,F-015",Centralna stranica poslovnih godina postoji.,,,,,,,,,,,,,,,,,,
UI-009,Firme i kontni plan,Kontni plan firme,Kombinovani prikaz osnovnog plana i firmi specifičnih izmjena.,Vrlo visok,Implementirano,"F-021,F-022,F-023",Postoje dva ekrana: globalni osnovni kontni plan u podesavanjima i kontni plan firme za specificne izmjene i default konta.,,,,,,,,,,,,,,,,,,
UI-010,Nalozi za knjiženje,Lista naloga,"Pregled naloga po firmi, godini, vrsti, broju, statusu, korisniku.",Vrlo visok,Implementirano,F-024-F-031,"Lista naloga po aktivnoj firmi/godini postoji na /agencija/nalozi, sa filterom statusa.",,,,,,,,,,,,,,,,,,
UI-011,Nalozi za knjiženje,Unos naloga,Zaglavlje + tabelarni unos stavki.,Vrlo visok,Implementirano djelimicno,"F-026,F-027,F-029",Unos novog naloga postoji na /agencija/nalozi/novi; izmjena nacrta ostaje za naredni korak.,,,,,,,,,,,,,,,,,,
UI-012,Nalozi za knjiženje,Nacrti naloga,Lista nacrta koji nijesu proknjiženi.,Visok,Implementirano,F-028,Nacrti su dostupni preko /agencija/nalozi/nacrti odnosno status filtera.,,,,,,,,,,,,,,,,,,
UI-013,Nalozi za knjiženje,Početno stanje,Pregled/generisanje/proknjižavanje početnog stanja.,Vrlo visok,Nije poceto,"F-034,F-035",Početno stanje jos nije posebna funkcionalnost.,,,,,,,,,,,,,,,,,,
UI-014,Nalozi za knjiženje,Partneri,"Lista partnera, kupac/dobavljač oznake, PIB, kontakt podaci.",Vrlo visok,Implementirano,F-036,"Agencijski ekran za dodatne partnere i admin ekran za globalne partnere podrzavaju unos, IRMS pretragu i izmjenu.",,,,,,,,,,,,,,,,,,
UI-015,Nalozi za knjiženje,Bruto bilans,"PS, promet, ukupno, saldo; filter po firmi, godini, poslovnoj jedinici.",Vrlo visok,Nije poceto,F-038,Bruto bilans jos nije implementiran.,,,,,,,,,,,,,,,,,,
UI-016,Nalozi za knjiženje,Kartica partnera,Detaljna kartica i zbirni saldo kupaca/dobavljača.,Vrlo visok,Implementirano djelimicno,F-037,Osnovna analiticka kartica je implementirana u /agencija/nalozi/analiticke-kartice; ostaju detalji stampa/export i napredni pregledi.,,,,,,,,,,,,,,,,,,
,,,,,,,,,,,,,,,,,,,,,,,,,
,,,,,,,,,,,,,,,,,,,,,,,,,
,,,,,,,,,,,,,,,,,,,,,,,,,
,,,,,,,,,,,,,,,,,,,,,,,,,
,,,,,,,,,,,,,,,,,,,,,,,,,
,,,,,,,,,,,,,,,,,,,,,,,,,
,,,,,,,,,,,,,,,,,,,,,,,,,
,,,,,,,,,,,,,,,,,,,,,,,,,
,,,,,,,,,,,,,,,,,,,,,,,,,
,,,,,,,,,,,,,,,,,,,,,,,,,
,,,,,,,,,,,,,,,,,,,,,,,,,
,,,,,,,,,,,,,,,,,,,,,,,,,
,,,,,,,,,,,,,,,,,,,,,,,,,
,,,,,,,,,,,,,,,,,,,,,,,,,
,,,,,,,,,,,,,,,,,,,,,,,,,
,,,,,,,,,,,,,,,,,,,,,,,,,
,,,,,,,,,,,,,,,,,,,,,,,,,
,,,,,,,,,,,,,,,,,,,,,,,,,
,,,,,,,,,,,,,,,,,,,,,,,,,
,,,,,,,,,,,,,,,,,,,,,,,,,
,,,,,,,,,,,,,,,,,,,,,,,,,
,,,,,,,,,,,,,,,,,,,,,,,,,
,,,,,,,,,,,,,,,,,,,,,,,,,
,,,,,,,,,,,,,,,,,,,,,,,,,
,,,,,,,,,,,,,,,,,,,,,,,,,
,,,,,,,,,,,,,,,,,,,,,,,,,
,,,,,,,,,,,,,,,,,,,,,,,,,
,,,,,,,,,,,,,,,,,,,,,,,,,
,,,,,,,,,,,,,,,,,,,,,,,,,
,,,,,,,,,,,,,,,,,,,,,,,,,
,,,,,,,,,,,,,,,,,,,,,,,,,
,,,,,,,,,,,,,,,,,,,,,,,,,
,,,,,,,,,,,,,,,,,,,,,,,,,
,,,,,,,,,,,,,,,,,,,,,,,,,
,,,,,,,,,,,,,,,,,,,,,,,,,
,,,,,,,,,,,,,,,,,,,,,,,,,
,,,,,,,,,,,,,,,,,,,,,,,,,
,,,,,,,,,,,,,,,,,,,,,,,,,
,,,,,,,,,,,,,,,,,,,,,,,,,
,,,,,,,,,,,,,,,,,,,,,,,,,
,,,,,,,,,,,,,,,,,,,,,,,,,
,,,,,,,,,,,,,,,,,,,,,,,,,
,,,,,,,,,,,,,,,,,,,,,,,,,
,,,,,,,,,,,,,,,,,,,,,,,,,
,,,,,,,,,,,,,,,,,,,,,,,,,
,,,,,,,,,,,,,,,,,,,,,,,,,
,,,,,,,,,,,,,,,,,,,,,,,,,
,,,,,,,,,,,,,,,,,,,,,,,,,
,,,,,,,,,,,,,,,,,,,,,,,,,
,,,,,,,,,,,,,,,,,,,,,,,,,
,,,,,,,,,,,,,,,,,,,,,,,,,
,,,,,,,,,,,,,,,,,,,,,,,,,
,,,,,,,,,,,,,,,,,,,,,,,,,
,,,,,,,,,,,,,,,,,,,,,,,,,
,,,,,,,,,,,,,,,,,,,,,,,,,
,,,,,,,,,,,,,,,,,,,,,,,,,
,,,,,,,,,,,,,,,,,,,,,,,,,
,,,,,,,,,,,,,,,,,,,,,,,,,
,,,,,,,,,,,,,,,,,,,,,,,,,
,,,,,,,,,,,,,,,,,,,,,,,,,
,,,,,,,,,,,,,,,,,,,,,,,,,
,,,,,,,,,,,,,,,,,,,,,,,,,
,,,,,,,,,,,,,,,,,,,,,,,,,
,,,,,,,,,,,,,,,,,,,,,,,,,
,,,,,,,,,,,,,,,,,,,,,,,,,
,,,,,,,,,,,,,,,,,,,,,,,,,
,,,,,,,,,,,,,,,,,,,,,,,,,
,,,,,,,,,,,,,,,,,,,,,,,,,
,,,,,,,,,,,,,,,,,,,,,,,,,
,,,,,,,,,,,,,,,,,,,,,,,,,
,,,,,,,,,,,,,,,,,,,,,,,,,
,,,,,,,,,,,,,,,,,,,,,,,,,
,,,,,,,,,,,,,,,,,,,,,,,,,
,,,,,,,,,,,,,,,,,,,,,,,,,
,,,,,,,,,,,,,,,,,,,,,,,,,
,,,,,,,,,,,,,,,,,,,,,,,,,
,,,,,,,,,,,,,,,,,,,,,,,,,
,,,,,,,,,,,,,,,,,,,,,,,,,
,,,,,,,,,,,,,,,,,,,,,,,,,
,,,,,,,,,,,,,,,,,,,,,,,,,
,,,,,,,,,,,,,,,,,,,,,,,,,
,,,,,,,,,,,,,,,,,,,,,,,,,
,,,,,,,,,,,,,,,,,,,,,,,,,
,,,,,,,,,,,,,,,,,,,,,,,,,
,,,,,,,,,,,,,,,,,,,,,,,,,
,,,,,,,,,,,,,,,,,,,,,,,,,
,,,,,,,,,,,,,,,,,,,,,,,,,
,,,,,,,,,,,,,,,,,,,,,,,,,
,,,,,,,,,,,,,,,,,,,,,,,,,
,,,,,,,,,,,,,,,,,,,,,,,,,
,,,,,,,,,,,,,,,,,,,,,,,,,
,,,,,,,,,,,,,,,,,,,,,,,,,
,,,,,,,,,,,,,,,,,,,,,,,,,
,,,,,,,,,,,,,,,,,,,,,,,,,
,,,,,,,,,,,,,,,,,,,,,,,,,
,,,,,,,,,,,,,,,,,,,,,,,,,
,,,,,,,,,,,,,,,,,,,,,,,,,
,,,,,,,,,,,,,,,,,,,,,,,,,
,,,,,,,,,,,,,,,,,,,,,,,,,
,,,,,,,,,,,,,,,,,,,,,,,,,
,,,,,,,,,,,,,,,,,,,,,,,,,
,,,,,,,,,,,,,,,,,,,,,,,,,
,,,,,,,,,,,,,,,,,,,,,,,,,
,,,,,,,,,,,,,,,,,,,,,,,,,
,,,,,,,,,,,,,,,,,,,,,,,,,
,,,,,,,,,,,,,,,,,,,,,,,,,
,,,,,,,,,,,,,,,,,,,,,,,,,
,,,,,,,,,,,,,,,,,,,,,,,,,
,,,,,,,,,,,,,,,,,,,,,,,,,
,,,,,,,,,,,,,,,,,,,,,,,,,
,,,,,,,,,,,,,,,,,,,,,,,,,
,,,,,,,,,,,,,,,,,,,,,,,,,
,,,,,,,,,,,,,,,,,,,,,,,,,
,,,,,,,,,,,,,,,,,,,,,,,,,
,,,,,,,,,,,,,,,,,,,,,,,,,
,,,,,,,,,,,,,,,,,,,,,,,,,
,,,,,,,,,,,,,,,,,,,,,,,,,
,,,,,,,,,,,,,,,,,,,,,,,,,
,,,,,,,,,,,,,,,,,,,,,,,,,
,,,,,,,,,,,,,,,,,,,,,,,,,
,,,,,,,,,,,,,,,,,,,,,,,,,
,,,,,,,,,,,,,,,,,,,,,,,,,
,,,,,,,,,,,,,,,,,,,,,,,,,
,,,,,,,,,,,,,,,,,,,,,,,,,
,,,,,,,,,,,,,,,,,,,,,,,,,
,,,,,,,,,,,,,,,,,,,,,,,,,
,,,,,,,,,,,,,,,,,,,,,,,,,
,,,,,,,,,,,,,,,,,,,,,,,,,
,,,,,,,,,,,,,,,,,,,,,,,,,
,,,,,,,,,,,,,,,,,,,,,,,,,
,,,,,,,,,,,,,,,,,,,,,,,,,
,,,,,,,,,,,,,,,,,,,,,,,,,
,,,,,,,,,,,,,,,,,,,,,,,,,
,,,,,,,,,,,,,,,,,,,,,,,,,
,,,,,,,,,,,,,,,,,,,,,,,,,
,,,,,,,,,,,,,,,,,,,,,,,,,
,,,,,,,,,,,,,,,,,,,,,,,,,
,,,,,,,,,,,,,,,,,,,,,,,,,
,,,,,,,,,,,,,,,,,,,,,,,,,
,,,,,,,,,,,,,,,,,,,,,,,,,
,,,,,,,,,,,,,,,,,,,,,,,,,
,,,,,,,,,,,,,,,,,,,,,,,,,
,,,,,,,,,,,,,,,,,,,,,,,,,
,,,,,,,,,,,,,,,,,,,,,,,,,
,,,,,,,,,,,,,,,,,,,,,,,,,
,,,,,,,,,,,,,,,,,,,,,,,,,
,,,,,,,,,,,,,,,,,,,,,,,,,
,,,,,,,,,,,,,,,,,,,,,,,,,
,,,,,,,,,,,,,,,,,,,,,,,,,
,,,,,,,,,,,,,,,,,,,,,,,,,
,,,,,,,,,,,,,,,,,,,,,,,,,
,,,,,,,,,,,,,,,,,,,,,,,,,
,,,,,,,,,,,,,,,,,,,,,,,,,
,,,,,,,,,,,,,,,,,,,,,,,,,
,,,,,,,,,,,,,,,,,,,,,,,,,
,,,,,,,,,,,,,,,,,,,,,,,,,
,,,,,,,,,,,,,,,,,,,,,,,,,
,,,,,,,,,,,,,,,,,,,,,,,,,
,,,,,,,,,,,,,,,,,,,,,,,,,
,,,,,,,,,,,,,,,,,,,,,,,,,
,,,,,,,,,,,,,,,,,,,,,,,,,
,,,,,,,,,,,,,,,,,,,,,,,,,
,,,,,,,,,,,,,,,,,,,,,,,,,
,,,,,,,,,,,,,,,,,,,,,,,,,
,,,,,,,,,,,,,,,,,,,,,,,,,
,,,,,,,,,,,,,,,,,,,,,,,,,
,,,,,,,,,,,,,,,,,,,,,,,,,
,,,,,,,,,,,,,,,,,,,,,,,,,
,,,,,,,,,,,,,,,,,,,,,,,,,
,,,,,,,,,,,,,,,,,,,,,,,,,
,,,,,,,,,,,,,,,,,,,,,,,,,
,,,,,,,,,,,,,,,,,,,,,,,,,
,,,,,,,,,,,,,,,,,,,,,,,,,
,,,,,,,,,,,,,,,,,,,,,,,,,
,,,,,,,,,,,,,,,,,,,,,,,,,
,,,,,,,,,,,,,,,,,,,,,,,,,
,,,,,,,,,,,,,,,,,,,,,,,,,
,,,,,,,,,,,,,,,,,,,,,,,,,
,,,,,,,,,,,,,,,,,,,,,,,,,
,,,,,,,,,,,,,,,,,,,,,,,,,
,,,,,,,,,,,,,,,,,,,,,,,,,
,,,,,,,,,,,,,,,,,,,,,,,,,
,,,,,,,,,,,,,,,,,,,,,,,,,
,,,,,,,,,,,,,,,,,,,,,,,,,
,,,,,,,,,,,,,,,,,,,,,,,,,
,,,,,,,,,,,,,,,,,,,,,,,,,
,,,,,,,,,,,,,,,,,,,,,,,,,
,,,,,,,,,,,,,,,,,,,,,,,,,
,,,,,,,,,,,,,,,,,,,,,,,,,
,,,,,,,,,,,,,,,,,,,,,,,,,
,,,,,,,,,,,,,,,,,,,,,,,,,
,,,,,,,,,,,,,,,,,,,,,,,,,
,,,,,,,,,,,,,,,,,,,,,,,,,
,,,,,,,,,,,,,,,,,,,,,,,,,
,,,,,,,,,,,,,,,,,,,,,,,,,
,,,,,,,,,,,,,,,,,,,,,,,,,
,,,,,,,,,,,,,,,,,,,,,,,,,
,,,,,,,,,,,,,,,,,,,,,,,,,
,,,,,,,,,,,,,,,,,,,,,,,,,
,,,,,,,,,,,,,,,,,,,,,,,,,
,,,,,,,,,,,,,,,,,,,,,,,,,
,,,,,,,,,,,,,,,,,,,,,,,,,
,,,,,,,,,,,,,,,,,,,,,,,,,
,,,,,,,,,,,,,,,,,,,,,,,,,
,,,,,,,,,,,,,,,,,,,,,,,,,
,,,,,,,,,,,,,,,,,,,,,,,,,
,,,,,,,,,,,,,,,,,,,,,,,,,
,,,,,,,,,,,,,,,,,,,,,,,,,
,,,,,,,,,,,,,,,,,,,,,,,,,
,,,,,,,,,,,,,,,,,,,,,,,,,
,,,,,,,,,,,,,,,,,,,,,,,,,
,,,,,,,,,,,,,,,,,,,,,,,,,
,,,,,,,,,,,,,,,,,,,,,,,,,
,,,,,,,,,,,,,,,,,,,,,,,,,
,,,,,,,,,,,,,,,,,,,,,,,,,
,,,,,,,,,,,,,,,,,,,,,,,,,
,,,,,,,,,,,,,,,,,,,,,,,,,
,,,,,,,,,,,,,,,,,,,,,,,,,
,,,,,,,,,,,,,,,,,,,,,,,,,
,,,,,,,,,,,,,,,,,,,,,,,,,
,,,,,,,,,,,,,,,,,,,,,,,,,
,,,,,,,,,,,,,,,,,,,,,,,,,
,,,,,,,,,,,,,,,,,,,,,,,,,
,,,,,,,,,,,,,,,,,,,,,,,,,
,,,,,,,,,,,,,,,,,,,,,,,,,
,,,,,,,,,,,,,,,,,,,,,,,,,
,,,,,,,,,,,,,,,,,,,,,,,,,
,,,,,,,,,,,,,,,,,,,,,,,,,
,,,,,,,,,,,,,,,,,,,,,,,,,
,,,,,,,,,,,,,,,,,,,,,,,,,
,,,,,,,,,,,,,,,,,,,,,,,,,
,,,,,,,,,,,,,,,,,,,,,,,,,
,,,,,,,,,,,,,,,,,,,,,,,,,
,,,,,,,,,,,,,,,,,,,,,,,,,
,,,,,,,,,,,,,,,,,,,,,,,,,
,,,,,,,,,,,,,,,,,,,,,,,,,
,,,,,,,,,,,,,,,,,,,,,,,,,
,,,,,,,,,,,,,,,,,,,,,,,,,
,,,,,,,,,,,,,,,,,,,,,,,,,
,,,,,,,,,,,,,,,,,,,,,,,,,
,,,,,,,,,,,,,,,,,,,,,,,,,
,,,,,,,,,,,,,,,,,,,,,,,,,
,,,,,,,,,,,,,,,,,,,,,,,,,
,,,,,,,,,,,,,,,,,,,,,,,,,
,,,,,,,,,,,,,,,,,,,,,,,,,
,,,,,,,,,,,,,,,,,,,,,,,,,
,,,,,,,,,,,,,,,,,,,,,,,,,
,,,,,,,,,,,,,,,,,,,,,,,,,
,,,,,,,,,,,,,,,,,,,,,,,,,
,,,,,,,,,,,,,,,,,,,,,,,,,
,,,,,,,,,,,,,,,,,,,,,,,,,
,,,,,,,,,,,,,,,,,,,,,,,,,
,,,,,,,,,,,,,,,,,,,,,,,,,
,,,,,,,,,,,,,,,,,,,,,,,,,
,,,,,,,,,,,,,,,,,,,,,,,,,
,,,,,,,,,,,,,,,,,,,,,,,,,
,,,,,,,,,,,,,,,,,,,,,,,,,
,,,,,,,,,,,,,,,,,,,,,,,,,
,,,,,,,,,,,,,,,,,,,,,,,,,
,,,,,,,,,,,,,,,,,,,,,,,,,
,,,,,,,,,,,,,,,,,,,,,,,,,
,,,,,,,,,,,,,,,,,,,,,,,,,
,,,,,,,,,,,,,,,,,,,,,,,,,
,,,,,,,,,,,,,,,,,,,,,,,,,
,,,,,,,,,,,,,,,,,,,,,,,,,
,,,,,,,,,,,,,,,,,,,,,,,,,
,,,,,,,,,,,,,,,,,,,,,,,,,
,,,,,,,,,,,,,,,,,,,,,,,,,
,,,,,,,,,,,,,,,,,,,,,,,,,
,,,,,,,,,,,,,,,,,,,,,,,,,
,,,,,,,,,,,,,,,,,,,,,,,,,
,,,,,,,,,,,,,,,,,,,,,,,,,
,,,,,,,,,,,,,,,,,,,,,,,,,
,,,,,,,,,,,,,,,,,,,,,,,,,
,,,,,,,,,,,,,,,,,,,,,,,,,
,,,,,,,,,,,,,,,,,,,,,,,,,
,,,,,,,,,,,,,,,,,,,,,,,,,
,,,,,,,,,,,,,,,,,,,,,,,,,
,,,,,,,,,,,,,,,,,,,,,,,,,
,,,,,,,,,,,,,,,,,,,,,,,,,
E-017,Robno knjigovodstvo,Artikli,Lista i unos artikala/usluga.,Vrlo visok,Zaključeno,F-039,Checkbox usluga.,,,,,,,,,,,,,,,,,,
E-018,Robno knjigovodstvo,Grupe artikala,Šifarnik grupa artikala.,Srednji,Zaključeno,F-039,,,,,,,,,,,,,,,,,,,
E-019,Robno knjigovodstvo,Cijene artikala,Upravljanje više cijena artikla.,Visok,Zaključeno,F-040,,,,,,,,,,,,,,,,,,,
E-020,Robno knjigovodstvo,Magacini,Lista i podešavanje magacina.,Vrlo visok,Zaključeno,F-041,Negativan lager opciono po magacinu.,,,,,,,,,,,,,,,,,,
E-021,Robno knjigovodstvo,Lager lista,Stanje robe po magacinu.,Vrlo visok,Zaključeno,"F-042,F-060",,,,,,,,,,,,,,,,,,,
E-022,Robno knjigovodstvo,Kartica artikla,"Ulazi, izlazi i saldo artikla.",Vrlo visok,Zaključeno,F-060,,,,,,,,,,,,,,,,,,,
E-023,Robno knjigovodstvo,Kalkulacije,Unos i knjiženje kalkulacija.,Vrlo visok,Zaključeno,F-045,,,,,,,,,,,,,,,,,,,
E-024,Robno knjigovodstvo,Uvozna kalkulacija,Kalkulacija sa carinskom deklaracijom.,Vrlo visok,Zaključeno,F-051,,,,,,,,,,,,,,,,,,,
E-025,Robno knjigovodstvo,Povrat dobavljaču,Slobodan ili povezan povrat robe dobavljaču.,Vrlo visok,Zaključeno,F-052,,,,,,,,,,,,,,,,,,,
E-026,Robno knjigovodstvo,Prenos robe,Prenos između magacina.,Visok,Zaključeno,F-054,,,,,,,,,,,,,,,,,,,
E-027,Robno knjigovodstvo,Popis robe,"Unos stvarnog stanja, višak i manjak.",Visok,Zaključeno,F-055,,,,,,,,,,,,,,,,,,,
E-028,Robno knjigovodstvo,Otpis robe,Otpis i razduženje robe.,Visok,Zaključeno,F-058,,,,,,,,,,,,,,,,,,,
E-029,Robno knjigovodstvo,Nivelacija,Promjena maloprodajnih cijena.,Visok,Zaključeno,F-059,,,,,,,,,,,,,,,,,,,
E-030,Robno knjigovodstvo,Robni izvještaji,"Vrijednost zaliha, lager i pregledi po magacinima.",Visok,Zaključeno,F-060,,,,,,,,,,,,,,,,,,,
E-031,Robno knjigovodstvo,Podešavanje negativnog lagera,Blokiranje ili dozvola zaliha u minus.,Visok,Zaključeno,F-043,,,,,,,,,,,,,,,,,,,
E-032,Izlazne fakture,Izlazne fakture bez fiskalizacije,Ekran za kreiranje faktura koje mogu razdužiti magacin i kasnije se automatski knjižiti.,Vrlo visok,Za razradu,M-005,Fiskalizacija nije dio prve verzije.,,,,,,,,,,,,,,,,,,
E-033,Podešavanja / PDV,PDV stope,"Ekran za unos, pregled, izmjenu i aktivaciju/deaktivaciju PDV stopa.",Vrlo visok,Implementirano,F-062,/agencija/podesavanja/pdv-stope,,,,,,,,,,,,,,,,,,
E-034,Računi / KUF,KUF knjige i detalj KUF-a,Računi / Podešavanja prikazuju vrste KIF/KUF i šemu kontiranja po poljima. KUF i KIF imaju otvaranje knjige i unos računa; KIF konto prihoda zavisi od šeme.,Vrlo visok,Implementirano djelimicno,F-063,"/agencija/racuni/podesavanja, /agencija/racuni/kuf, /agencija/racuni/kuf/[id], /agencija/racuni/kif/[id], /agencija/racuni/neproknjizeno, /agencija/racuni/pregled-kuf i /agencija/racuni/pregled-kuf/[id]. Dodato knjiženje/dopuna naloga po knjizi.",,,,,,,,,,,,,,,,,,
E-035,PDV,PDV pregled,Lista mjesečnih PDV perioda za aktivnu firmu/godinu sa statusom i zbirnim iznosima.,Vrlo visok,Implementirano,F-072,/agencija/pdv,,,,,,,,,,,,,,,,,,
E-036,PDV,Ulazni PDV,Dokazna evidencija KUF računa za izabrani mjesec po datumu KUF knjige.,Vrlo visok,Implementirano,F-073,/agencija/pdv/ulazni,,,,,,,,,,,,,,,,,,
E-037,PDV,Izlazni PDV,Dokazna evidencija KIF računa za izabrani mjesec po datumu KIF knjige.,Vrlo visok,Implementirano,F-073,/agencija/pdv/izlazni,,,,,,,,,,,,,,,,,,
E-038,PDV,PDV prijava,IRMS-like obrazac prijave sa lijevom/desnom PDV kolonom i automatskim preračunima.,Vrlo visok,Implementirano djelimicno,F-074,/agencija/pdv/prijava,,,,,,,,,,,,,,,,,,
E-039,PDV,PDV kontrole,Kontrole prije XML izvoza i knjiženja prijave; uključuje neproknjižene/rasknjižene KIF/KUF stavke i poređenje sa glavnom knjigom.,Visok,Implementirano djelimicno,F-074,/agencija/pdv/kontrole,,,,,,,,,,,,,,,,,,
E-040,PDV,Arhiva PDV prijava,Lista sačuvanih/proknjiženih prijava i linkovi na XML/nalog.,Visok,Implementirano,F-074,/agencija/pdv/arhiva,,,,,,,,,,,,,,,,,,
E-041,PDV,Podešavanja PDV-a,Vrsta naloga i šema D/P + konto za knjiženje PDV prijave po aktivnim stopama; konto dropdown prikazuje cijeli spojeni kontni plan.,Vrlo visok,Implementirano,F-075,/agencija/pdv/podesavanja,,,,,,,,,,,,,,,,,,
