Odluke,,,,,,,,,,,,,,,,,,,,,,,,,
Ključne arhitektonske i poslovne odluke donesene tokom razrade.,,,,,,,,,,,,,,,,,,,,,,,,,
ODL-003,Partneri,Globalni partneri su centralni i dodaje ih samo sistemski admin; agencije mogu dodavati AGENCY/COMPANY partnere.,Prihvaćeno,Codex,2026-06-20,,,,,,,,,,,,,,,,,,,,
ID odluke,Datum,Odluka,Zašto,Važi za,Status,Napomena,,,,,,,,,,,,,,,,,,,
O-001,2026-06-10,Aplikacija je multi-agency SaaS,"Program se prodaje agencijama, svaka agencija ima svoj prostor.",Cijeli sistem,Zaključeno,,,,,,,,,,,,,,,,,,,,
O-002,2026-06-10,Super admin ne mora operativno ulaziti u podatke agencija,Zbog privatnosti i odvajanja odgovornosti.,Korisnici i prava,Zaključeno,Tehnička podrška može biti posebno pravo.,,,,,,,,,,,,,,,,,,,
O-003,2026-06-10,Admin agencije može i operativno knjižiti,Admin agencije nije samo administrator nego može raditi kao računovođa.,Korisnici i prava,Zaključeno,Njegov rad se evidentira.,,,,,,,,,,,,,,,,,,,
O-004,2026-06-10,"PIB je unique po agenciji, ne globalno",Ista firma može preći kod druge agencije.,Firme,Zaključeno,UNIQUE agency_id + pib.,,,,,,,,,,,,,,,,,,,
O-005,2026-06-10,Sve se vodi po poslovnoj godini,"Nalozi, dokumenti, PDV, plate, izvještaji i završni moraju biti po godini.",Firme / Nalozi,Zaključeno,,,,,,,,,,,,,,,,,,,,
O-006,2026-06-10,Firma pri kreiranju dobija tekuću poslovnu godinu,Da se odmah može početi rad.,Firme,Zaključeno,,,,,,,,,,,,,,,,,,,,
O-007,2026-06-10,Kontni plan se ne kopira po firmi,Baza bi bila ogromna; koristi se osnovni plan + override.,Kontni plan,Zaključeno,,,,,,,,,,,,,,,,,,,,
O-008,2026-06-10,Nalozi imaju nacrt i proknjižen status,"Nacrt ne ulazi u knjige, POSTED ulazi.",Nalozi,Zaključeno,,,,,,,,,,,,,,,,,,,,
O-009,2026-06-10,Nema storna u prvoj verziji,Da se ne komplikuje MVP.,Nalozi,Zaključeno,Soft delete + audit log + vraćanje u nacrt.,,,,,,,,,,,,,,,,,,,
O-010,2026-06-10,Jedna firma/godina ima samo jedno početno stanje,Početno stanje mora biti jasno i posebno u bruto bilansu.,Nalozi,Zaključeno,,,,,,,,,,,,,,,,,,,,
O-011,2026-06-10,Partneri su zajednička tabela,Jedan partner može biti i kupac i dobavljač.,Nalozi / Analitika,Zaključeno,,,,,,,,,,,,,,,,,,,,
O-012,2026-06-10,Sljedeći modul je robno knjigovodstvo,"Dokumenti, kalkulacije, fakture, roba i zalihe čine robni dio i traže posebnu razradu.",Robno knjigovodstvo,Zaključeno,,,,,,,,,,,,,,,,,,,,
,,,,,,,,,,,,,,,,,,,,,,,,,
,,,,,,,,,,,,,,,,,,,,,,,,,
,,,,,,,,,,,,,,,,,,,,,,,,,
,,,,,,,,,,,,,,,,,,,,,,,,,
,,,,,,,,,,,,,,,,,,,,,,,,,
,,,,,,,,,,,,,,,,,,,,,,,,,
,,,,,,,,,,,,,,,,,,,,,,,,,
,,,,,,,,,,,,,,,,,,,,,,,,,
,,,,,,,,,,,,,,,,,,,,,,,,,
,,,,,,,,,,,,,,,,,,,,,,,,,
,,,,,,,,,,,,,,,,,,,,,,,,,
,,,,,,,,,,,,,,,,,,,,,,,,,
,,,,,,,,,,,,,,,,,,,,,,,,,
,,,,,,,,,,,,,,,,,,,,,,,,,
,,,,,,,,,,,,,,,,,,,,,,,,,
,,,,,,,,,,,,,,,,,,,,,,,,,
,,,,,,,,,,,,,,,,,,,,,,,,,
,,,,,,,,,,,,,,,,,,,,,,,,,
,,,,,,,,,,,,,,,,,,,,,,,,,
,,,,,,,,,,,,,,,,,,,,,,,,,
,,,,,,,,,,,,,,,,,,,,,,,,,
,,,,,,,,,,,,,,,,,,,,,,,,,
,,,,,,,,,,,,,,,,,,,,,,,,,
,,,,,,,,,,,,,,,,,,,,,,,,,
,,,,,,,,,,,,,,,,,,,,,,,,,
,,,,,,,,,,,,,,,,,,,,,,,,,
,,,,,,,,,,,,,,,,,,,,,,,,,
,,,,,,,,,,,,,,,,,,,,,,,,,
,,,,,,,,,,,,,,,,,,,,,,,,,
,,,,,,,,,,,,,,,,,,,,,,,,,
,,,,,,,,,,,,,,,,,,,,,,,,,
,,,,,,,,,,,,,,,,,,,,,,,,,
,,,,,,,,,,,,,,,,,,,,,,,,,
,,,,,,,,,,,,,,,,,,,,,,,,,
,,,,,,,,,,,,,,,,,,,,,,,,,
,,,,,,,,,,,,,,,,,,,,,,,,,
,,,,,,,,,,,,,,,,,,,,,,,,,
,,,,,,,,,,,,,,,,,,,,,,,,,
,,,,,,,,,,,,,,,,,,,,,,,,,
,,,,,,,,,,,,,,,,,,,,,,,,,
,,,,,,,,,,,,,,,,,,,,,,,,,
,,,,,,,,,,,,,,,,,,,,,,,,,
,,,,,,,,,,,,,,,,,,,,,,,,,
,,,,,,,,,,,,,,,,,,,,,,,,,
,,,,,,,,,,,,,,,,,,,,,,,,,
,,,,,,,,,,,,,,,,,,,,,,,,,
,,,,,,,,,,,,,,,,,,,,,,,,,
,,,,,,,,,,,,,,,,,,,,,,,,,
,,,,,,,,,,,,,,,,,,,,,,,,,
,,,,,,,,,,,,,,,,,,,,,,,,,
,,,,,,,,,,,,,,,,,,,,,,,,,
,,,,,,,,,,,,,,,,,,,,,,,,,
,,,,,,,,,,,,,,,,,,,,,,,,,
,,,,,,,,,,,,,,,,,,,,,,,,,
,,,,,,,,,,,,,,,,,,,,,,,,,
,,,,,,,,,,,,,,,,,,,,,,,,,
,,,,,,,,,,,,,,,,,,,,,,,,,
,,,,,,,,,,,,,,,,,,,,,,,,,
,,,,,,,,,,,,,,,,,,,,,,,,,
,,,,,,,,,,,,,,,,,,,,,,,,,
,,,,,,,,,,,,,,,,,,,,,,,,,
,,,,,,,,,,,,,,,,,,,,,,,,,
,,,,,,,,,,,,,,,,,,,,,,,,,
,,,,,,,,,,,,,,,,,,,,,,,,,
,,,,,,,,,,,,,,,,,,,,,,,,,
,,,,,,,,,,,,,,,,,,,,,,,,,
,,,,,,,,,,,,,,,,,,,,,,,,,
,,,,,,,,,,,,,,,,,,,,,,,,,
,,,,,,,,,,,,,,,,,,,,,,,,,
,,,,,,,,,,,,,,,,,,,,,,,,,
,,,,,,,,,,,,,,,,,,,,,,,,,
,,,,,,,,,,,,,,,,,,,,,,,,,
,,,,,,,,,,,,,,,,,,,,,,,,,
,,,,,,,,,,,,,,,,,,,,,,,,,
,,,,,,,,,,,,,,,,,,,,,,,,,
,,,,,,,,,,,,,,,,,,,,,,,,,
,,,,,,,,,,,,,,,,,,,,,,,,,
,,,,,,,,,,,,,,,,,,,,,,,,,
,,,,,,,,,,,,,,,,,,,,,,,,,
,,,,,,,,,,,,,,,,,,,,,,,,,
,,,,,,,,,,,,,,,,,,,,,,,,,
,,,,,,,,,,,,,,,,,,,,,,,,,
,,,,,,,,,,,,,,,,,,,,,,,,,
,,,,,,,,,,,,,,,,,,,,,,,,,
,,,,,,,,,,,,,,,,,,,,,,,,,
,,,,,,,,,,,,,,,,,,,,,,,,,
,,,,,,,,,,,,,,,,,,,,,,,,,
,,,,,,,,,,,,,,,,,,,,,,,,,
,,,,,,,,,,,,,,,,,,,,,,,,,
,,,,,,,,,,,,,,,,,,,,,,,,,
,,,,,,,,,,,,,,,,,,,,,,,,,
,,,,,,,,,,,,,,,,,,,,,,,,,
,,,,,,,,,,,,,,,,,,,,,,,,,
,,,,,,,,,,,,,,,,,,,,,,,,,
,,,,,,,,,,,,,,,,,,,,,,,,,
,,,,,,,,,,,,,,,,,,,,,,,,,
,,,,,,,,,,,,,,,,,,,,,,,,,
,,,,,,,,,,,,,,,,,,,,,,,,,
,,,,,,,,,,,,,,,,,,,,,,,,,
,,,,,,,,,,,,,,,,,,,,,,,,,
,,,,,,,,,,,,,,,,,,,,,,,,,
,,,,,,,,,,,,,,,,,,,,,,,,,
,,,,,,,,,,,,,,,,,,,,,,,,,
,,,,,,,,,,,,,,,,,,,,,,,,,
,,,,,,,,,,,,,,,,,,,,,,,,,
,,,,,,,,,,,,,,,,,,,,,,,,,
,,,,,,,,,,,,,,,,,,,,,,,,,
,,,,,,,,,,,,,,,,,,,,,,,,,
,,,,,,,,,,,,,,,,,,,,,,,,,
,,,,,,,,,,,,,,,,,,,,,,,,,
,,,,,,,,,,,,,,,,,,,,,,,,,
,,,,,,,,,,,,,,,,,,,,,,,,,
,,,,,,,,,,,,,,,,,,,,,,,,,
,,,,,,,,,,,,,,,,,,,,,,,,,
,,,,,,,,,,,,,,,,,,,,,,,,,
,,,,,,,,,,,,,,,,,,,,,,,,,
,,,,,,,,,,,,,,,,,,,,,,,,,
,,,,,,,,,,,,,,,,,,,,,,,,,
,,,,,,,,,,,,,,,,,,,,,,,,,
,,,,,,,,,,,,,,,,,,,,,,,,,
,,,,,,,,,,,,,,,,,,,,,,,,,
,,,,,,,,,,,,,,,,,,,,,,,,,
,,,,,,,,,,,,,,,,,,,,,,,,,
,,,,,,,,,,,,,,,,,,,,,,,,,
,,,,,,,,,,,,,,,,,,,,,,,,,
,,,,,,,,,,,,,,,,,,,,,,,,,
,,,,,,,,,,,,,,,,,,,,,,,,,
,,,,,,,,,,,,,,,,,,,,,,,,,
,,,,,,,,,,,,,,,,,,,,,,,,,
,,,,,,,,,,,,,,,,,,,,,,,,,
,,,,,,,,,,,,,,,,,,,,,,,,,
,,,,,,,,,,,,,,,,,,,,,,,,,
,,,,,,,,,,,,,,,,,,,,,,,,,
,,,,,,,,,,,,,,,,,,,,,,,,,
,,,,,,,,,,,,,,,,,,,,,,,,,
,,,,,,,,,,,,,,,,,,,,,,,,,
,,,,,,,,,,,,,,,,,,,,,,,,,
,,,,,,,,,,,,,,,,,,,,,,,,,
,,,,,,,,,,,,,,,,,,,,,,,,,
,,,,,,,,,,,,,,,,,,,,,,,,,
,,,,,,,,,,,,,,,,,,,,,,,,,
,,,,,,,,,,,,,,,,,,,,,,,,,
,,,,,,,,,,,,,,,,,,,,,,,,,
,,,,,,,,,,,,,,,,,,,,,,,,,
,,,,,,,,,,,,,,,,,,,,,,,,,
,,,,,,,,,,,,,,,,,,,,,,,,,
,,,,,,,,,,,,,,,,,,,,,,,,,
,,,,,,,,,,,,,,,,,,,,,,,,,
,,,,,,,,,,,,,,,,,,,,,,,,,
,,,,,,,,,,,,,,,,,,,,,,,,,
,,,,,,,,,,,,,,,,,,,,,,,,,
,,,,,,,,,,,,,,,,,,,,,,,,,
,,,,,,,,,,,,,,,,,,,,,,,,,
,,,,,,,,,,,,,,,,,,,,,,,,,
,,,,,,,,,,,,,,,,,,,,,,,,,
,,,,,,,,,,,,,,,,,,,,,,,,,
,,,,,,,,,,,,,,,,,,,,,,,,,
,,,,,,,,,,,,,,,,,,,,,,,,,
,,,,,,,,,,,,,,,,,,,,,,,,,
,,,,,,,,,,,,,,,,,,,,,,,,,
,,,,,,,,,,,,,,,,,,,,,,,,,
,,,,,,,,,,,,,,,,,,,,,,,,,
,,,,,,,,,,,,,,,,,,,,,,,,,
,,,,,,,,,,,,,,,,,,,,,,,,,
,,,,,,,,,,,,,,,,,,,,,,,,,
,,,,,,,,,,,,,,,,,,,,,,,,,
,,,,,,,,,,,,,,,,,,,,,,,,,
,,,,,,,,,,,,,,,,,,,,,,,,,
,,,,,,,,,,,,,,,,,,,,,,,,,
,,,,,,,,,,,,,,,,,,,,,,,,,
,,,,,,,,,,,,,,,,,,,,,,,,,
,,,,,,,,,,,,,,,,,,,,,,,,,
,,,,,,,,,,,,,,,,,,,,,,,,,
,,,,,,,,,,,,,,,,,,,,,,,,,
,,,,,,,,,,,,,,,,,,,,,,,,,
,,,,,,,,,,,,,,,,,,,,,,,,,
,,,,,,,,,,,,,,,,,,,,,,,,,
,,,,,,,,,,,,,,,,,,,,,,,,,
,,,,,,,,,,,,,,,,,,,,,,,,,
,,,,,,,,,,,,,,,,,,,,,,,,,
,,,,,,,,,,,,,,,,,,,,,,,,,
,,,,,,,,,,,,,,,,,,,,,,,,,
,,,,,,,,,,,,,,,,,,,,,,,,,
,,,,,,,,,,,,,,,,,,,,,,,,,
,,,,,,,,,,,,,,,,,,,,,,,,,
,,,,,,,,,,,,,,,,,,,,,,,,,
,,,,,,,,,,,,,,,,,,,,,,,,,
,,,,,,,,,,,,,,,,,,,,,,,,,
,,,,,,,,,,,,,,,,,,,,,,,,,
,,,,,,,,,,,,,,,,,,,,,,,,,
,,,,,,,,,,,,,,,,,,,,,,,,,
,,,,,,,,,,,,,,,,,,,,,,,,,
,,,,,,,,,,,,,,,,,,,,,,,,,
,,,,,,,,,,,,,,,,,,,,,,,,,
,,,,,,,,,,,,,,,,,,,,,,,,,
,,,,,,,,,,,,,,,,,,,,,,,,,
,,,,,,,,,,,,,,,,,,,,,,,,,
,,,,,,,,,,,,,,,,,,,,,,,,,
,,,,,,,,,,,,,,,,,,,,,,,,,
,,,,,,,,,,,,,,,,,,,,,,,,,
,,,,,,,,,,,,,,,,,,,,,,,,,
,,,,,,,,,,,,,,,,,,,,,,,,,
,,,,,,,,,,,,,,,,,,,,,,,,,
,,,,,,,,,,,,,,,,,,,,,,,,,
,,,,,,,,,,,,,,,,,,,,,,,,,
,,,,,,,,,,,,,,,,,,,,,,,,,
,,,,,,,,,,,,,,,,,,,,,,,,,
,,,,,,,,,,,,,,,,,,,,,,,,,
,,,,,,,,,,,,,,,,,,,,,,,,,
,,,,,,,,,,,,,,,,,,,,,,,,,
,,,,,,,,,,,,,,,,,,,,,,,,,
,,,,,,,,,,,,,,,,,,,,,,,,,
,,,,,,,,,,,,,,,,,,,,,,,,,
,,,,,,,,,,,,,,,,,,,,,,,,,
,,,,,,,,,,,,,,,,,,,,,,,,,
,,,,,,,,,,,,,,,,,,,,,,,,,
,,,,,,,,,,,,,,,,,,,,,,,,,
,,,,,,,,,,,,,,,,,,,,,,,,,
,,,,,,,,,,,,,,,,,,,,,,,,,
,,,,,,,,,,,,,,,,,,,,,,,,,
,,,,,,,,,,,,,,,,,,,,,,,,,
,,,,,,,,,,,,,,,,,,,,,,,,,
,,,,,,,,,,,,,,,,,,,,,,,,,
,,,,,,,,,,,,,,,,,,,,,,,,,
,,,,,,,,,,,,,,,,,,,,,,,,,
,,,,,,,,,,,,,,,,,,,,,,,,,
,,,,,,,,,,,,,,,,,,,,,,,,,
,,,,,,,,,,,,,,,,,,,,,,,,,
,,,,,,,,,,,,,,,,,,,,,,,,,
,,,,,,,,,,,,,,,,,,,,,,,,,
,,,,,,,,,,,,,,,,,,,,,,,,,
,,,,,,,,,,,,,,,,,,,,,,,,,
,,,,,,,,,,,,,,,,,,,,,,,,,
,,,,,,,,,,,,,,,,,,,,,,,,,
,,,,,,,,,,,,,,,,,,,,,,,,,
,,,,,,,,,,,,,,,,,,,,,,,,,
,,,,,,,,,,,,,,,,,,,,,,,,,
,,,,,,,,,,,,,,,,,,,,,,,,,
,,,,,,,,,,,,,,,,,,,,,,,,,
,,,,,,,,,,,,,,,,,,,,,,,,,
,,,,,,,,,,,,,,,,,,,,,,,,,
,,,,,,,,,,,,,,,,,,,,,,,,,
,,,,,,,,,,,,,,,,,,,,,,,,,
,,,,,,,,,,,,,,,,,,,,,,,,,
,,,,,,,,,,,,,,,,,,,,,,,,,
,,,,,,,,,,,,,,,,,,,,,,,,,
,,,,,,,,,,,,,,,,,,,,,,,,,
,,,,,,,,,,,,,,,,,,,,,,,,,
,,,,,,,,,,,,,,,,,,,,,,,,,
,,,,,,,,,,,,,,,,,,,,,,,,,
,,,,,,,,,,,,,,,,,,,,,,,,,
,,,,,,,,,,,,,,,,,,,,,,,,,
,,,,,,,,,,,,,,,,,,,,,,,,,
,,,,,,,,,,,,,,,,,,,,,,,,,
,,,,,,,,,,,,,,,,,,,,,,,,,
,,,,,,,,,,,,,,,,,,,,,,,,,
,,,,,,,,,,,,,,,,,,,,,,,,,
,,,,,,,,,,,,,,,,,,,,,,,,,
,,,,,,,,,,,,,,,,,,,,,,,,,
,,,,,,,,,,,,,,,,,,,,,,,,,
,,,,,,,,,,,,,,,,,,,,,,,,,
,,,,,,,,,,,,,,,,,,,,,,,,,
,,,,,,,,,,,,,,,,,,,,,,,,,
,,,,,,,,,,,,,,,,,,,,,,,,,
,,,,,,,,,,,,,,,,,,,,,,,,,
,,,,,,,,,,,,,,,,,,,,,,,,,
,,,,,,,,,,,,,,,,,,,,,,,,,
,,,,,,,,,,,,,,,,,,,,,,,,,
,,,,,,,,,,,,,,,,,,,,,,,,,
,,,,,,,,,,,,,,,,,,,,,,,,,
,,,,,,,,,,,,,,,,,,,,,,,,,
,,,,,,,,,,,,,,,,,,,,,,,,,
,,,,,,,,,,,,,,,,,,,,,,,,,
,,,,,,,,,,,,,,,,,,,,,,,,,
,,,,,,,,,,,,,,,,,,,,,,,,,
,,,,,,,,,,,,,,,,,,,,,,,,,
,,,,,,,,,,,,,,,,,,,,,,,,,
,,,,,,,,,,,,,,,,,,,,,,,,,
,,,,,,,,,,,,,,,,,,,,,,,,,
,,,,,,,,,,,,,,,,,,,,,,,,,
,,,,,,,,,,,,,,,,,,,,,,,,,
,,,,,,,,,,,,,,,,,,,,,,,,,
,,,,,,,,,,,,,,,,,,,,,,,,,
,,,,,,,,,,,,,,,,,,,,,,,,,
O-013,2026-06-17,Aktivna firma i poslovna godina se biraju globalno u top baru,Korisnik mora uvijek znati na kojoj firmi i godini radi prije unosa naloga/dokumenata.,"Firme, nalozi, svi operativni moduli",Implementirano,Izbor se pamti u cookie-ju; radnik vidi samo dodijeljene firme.,,,,,,,,,,,,,,,,,,,
O-014,2026-06-20,Modul 4 je kompletno robno knjigovodstvo,"Obuhvata više od samog lagera: artikle, kalkulacije, povrate, popis, otpis i nivelaciju.",Robno knjigovodstvo,Zaključeno,,,,,,,,,,,,,,,,,,,,
O-015,2026-06-20,Artikli su po firmi,Ista šifra/naziv kod različitih firmi ne mora značiti isto.,Artikli,Zaključeno,,,,,,,,,,,,,,,,,,,,
O-016,2026-06-20,Zalihe se vode po magacinu,Firma može imati više magacina i stanja robe.,Magacini / Lager,Zaključeno,,,,,,,,,,,,,,,,,,,,
O-017,2026-06-20,Razduženje po prosječnoj ponderisanoj cijeni,To je osnovni metod za nabavnu vrijednost prodate robe.,Lager,Zaključeno,,,,,,,,,,,,,,,,,,,,
O-018,2026-06-20,Negativan lager je podesiv,"Nekome treba blokada, a nekome mogućnost rada u minus.",Lager,Zaključeno,Podešavanje po firmi i opciono po magacinu.,,,,,,,,,,,,,,,,,,,
O-019,2026-06-20,Kalkulacija uvijek zadužuje magacin,"Ako ne zadužuje magacin, nije kalkulacija.",Kalkulacije,Zaključeno,,,,,,,,,,,,,,,,,,,,
O-020,2026-06-20,Uvozna kalkulacija je poseban tip,"Kod uvoza je roba bez PDV-a, a PDV dolazi iz carinske deklaracije.",Uvoz,Zaključeno,Ulazna PDV stopa stavki je 0%.,,,,,,,,,,,,,,,,,,,
O-021,2026-06-20,Povrat dobavljaču je poseban dokument,"Jasniji lager, PDV i knjiženje nego minus kalkulacija.",Povrat dobavljaču,Zaključeno,Može biti slobodan ili povezan sa kalkulacijom.,,,,,,,,,,,,,,,,,,,
O-022,2026-06-20,Faktura razdužuje robu,Izlazna faktura sa robom mora skinuti robu sa lagera.,Fakture / Robno,Zaključeno,,,,,,,,,,,,,,,,,,,,
O-023,2026-06-20,"Prenos, popis, otpis i nivelacija su posebni dokumenti",Robno mora imati jasne dokumente za svaki promet i korekciju.,Robno knjigovodstvo,Zaključeno,,,,,,,,,,,,,,,,,,,,
O-024,2026-06-20,Samo proknjiženi robni dokumenti utiču na lager,Nacrti ne smiju mijenjati stanje zaliha.,Robno knjigovodstvo,Zaključeno,,,,,,,,,,,,,,,,,,,,
O-025,2026-06-20,Fiskalizacija se ne radi u prvoj verziji,"Fiskalizacija je složena i može usporiti MVP; prvo se rade izlazne fakture, razduženje magacina i automatsko knjiženje.",Izlazne fakture / Fiskalizacija,Zaključeno,Kasnije kupiti gotov API ili razviti poseban modul.,,,,,,,,,,,,,,,,,,,
ODL-004,Partneri,Globalni partneri se inicijalno pune importom iz stare MySQL/IRMS baze emails po PIB-u.,Prihvaćeno,Codex,2026-06-21,,,,,,,,,,,,,,,,,,,,
O-025,2026-06-25,KIF/KUF knjiga se knjiži u jedan nalog,Lakši pregled i dopunjavanje naknadno dodatih računa.,Računi / Nalozi,Zaključeno,"Ako se dodaju računi poslije prvog knjiženja, dopunjavaju se samo neproknjiženi računi na postojeći nalog.",,,,,,,,,,,,,,,,,,,
O-026,2026-06-25,Broj fiskalnog računa se prikazuje kao čisti broj,Korisniku ne trebaju kodovi kase/softvera u broju računa.,KIF/KUF/MAPR,Zaključeno,Primjer: pt385eg871/1/2026/dl426pc243 se prikazuje i knjiži kao 1/2026.,,,,,,,,,,,,,,,,,,,
O-027,2026-06-25,Print izvještaji idu kao HTML/CSS print stranice,Jednostavnije od server-side PDF generisanja i dovoljno za Save as PDF.,Izvještaji/Štampa,Zaključeno,PDF biblioteke koristiti primarno za čitanje PDF-a.,,,,,,,,,,,,,,,,,,,