Pravila poslovne logike,,,,,,,,,,,,,,,,,,,,,,,,,
Zaključena poslovna i tehnička pravila za prva 3 modula. Svako pravilo treba povezivati sa funkcionalnostima i testovima.,,,,,,,,,,,,,,,,,,,,,,,,,
,,,,,,,,,,,,,,,,,,,,,,,,,
ID pravila,Modul,Naziv pravila,Opis pravila,Prioritet,Status,Implementirano u,Testirano,Povezane funkcije,Napomena,,,,,,,,,,,,,,,,
R-001,"Korisnici, agencije i prava",Multi-agency izolacija,Jedna agencija ne smije vidjeti podatke druge agencije.,Vrlo visok,Zaključeno,Backend/Baza,Ne,F-001,Osnovno sigurnosno pravilo.,,,,,,,,,,,,,,,,
R-002,"Korisnici, agencije i prava",Super admin upravlja agencijama,"Super admin kreira agencije, admina agencije i prati pretplatu.",Vrlo visok,Zaključeno,Backend,Ne,"F-001,F-002,F-003",,,,,,,,,,,,,,,,,
R-003,"Korisnici, agencije i prava",Deaktivacija agencije ne briše podatke,"Deaktivirana agencija ne može koristiti sistem, ali podaci ostaju u bazi.",Vrlo visok,Zaključeno,Backend/Baza,Ne,F-004,,,,,,,,,,,,,,,,,
R-004,"Korisnici, agencije i prava",Admin agencije operativno radi,"Admin agencije ima sva prava, ali se i njegov rad evidentira kao rad korisnika.",Visok,Zaključeno,Backend,Ne,"F-002,F-010",,,,,,,,,,,,,,,,,
R-005,"Korisnici, agencije i prava",Radnik vidi samo dodijeljene firme,Radnik agencije nema pristup firmama koje mu nijesu dodijeljene.,Vrlo visok,Zaključeno,Backend,Ne,F-007,,,,,,,,,,,,,,,,,
R-006,"Korisnici, agencije i prava",Klijent vidi samo svoju firmu,Klijentski korisnik ne može vidjeti druge firme ni interne podatke agencije.,Vrlo visok,Zaključeno,Backend,Ne,"F-006,F-018",,,,,,,,,,,,,,,,,
R-007,"Korisnici, agencije i prava",Klijent je read-only,"Klijent ne može knjižiti ni mijenjati knjigovodstvene podatke, osim eventualnog upload-a dokumenata.",Vrlo visok,Zaključeno,Backend,Ne,F-006,,,,,,,,,,,,,,,,,
R-008,"Korisnici, agencije i prava",Prava po modulima i akcijama,Prava moraju podržati vidjeti/unositi/mijenjati/brisati po modulu i firmi.,Vrlo visok,Zaključeno,Backend/Baza,Ne,F-008,,,,,,,,,,,,,,,,,
R-009,"Korisnici, agencije i prava",Učinak radnika,"Sistem mora brojati aktivnosti radnika po danu, nedjelji, mjesecu, firmi, modulu i tipu dokumenta.",Visok,Zaključeno,Backend/Izvještaji,Ne,"F-009,F-010",,,,,,,,,,,,,,,,,
R-010,"Korisnici, agencije i prava",Audit log obavezan,"Svaka bitna akcija mora imati korisnika, datum, modul, firmu, akciju i po potrebi stare/nove vrijednosti.",Vrlo visok,Zaključeno,Backend/Baza,Ne,F-010,,,,,,,,,,,,,,,,,
R-011,"Korisnici, agencije i prava",Soft delete,"Brisanje važnih podataka mora biti soft delete, ne fizičko brisanje.",Vrlo visok,Zaključeno,Backend/Baza,Ne,F-011,,,,,,,,,,,,,,,,,
R-012,Firme i kontni plan,Podržane vrste subjekata,"Sistem podržava DOO, preduzetnike, NVO, paušalce, fizička lica i drugo.",Visok,Zaključeno,Baza/Backend,Ne,F-012,,,,,,,,,,,,,,,,,
R-013,Firme i kontni plan,PIB unique po agenciji,"PIB je jedinstven u okviru jedne agencije, ali ista firma može postojati kod više agencija.",Vrlo visok,Zaključeno,Baza,Ne,F-012,UNIQUE agency_id + pib.,,,,,,,,,,,,,,,,
R-014,Firme i kontni plan,IRMS podaci se potvrđuju,Podaci povučeni iz IRMS-a mogu se ručno izmijeniti prije snimanja.,Visok,Zaključeno,Backend/UI,Ne,F-013,,,,,,,,,,,,,,,,,
R-015,Firme i kontni plan,Poslovna godina obavezna,Sve knjigovodstvene stavke moraju biti vezane za poslovnu godinu.,Vrlo visok,Zaključeno,Baza/Backend,Ne,F-014,,,,,,,,,,,,,,,,,
R-016,Firme i kontni plan,Automatska tekuća godina,Pri kreiranju firme automatski se otvara tekuća poslovna godina.,Vrlo visok,Zaključeno,Backend,Ne,F-014,,,,,,,,,,,,,,,,,
R-017,Firme i kontni plan,Jedna godina jednom,Firma ne može imati dvije iste poslovne godine.,Vrlo visok,Zaključeno,Baza,Ne,F-014,UNIQUE company_id + year.,,,,,,,,,,,,,,,,
R-018,Firme i kontni plan,Zaključana godina blokira izmjene,Zaključana poslovna godina ne smije dozvoliti izmjene naloga bez otključavanja.,Vrlo visok,Zaključeno,Backend,Ne,"F-015,F-030",,,,,,,,,,,,,,,,,
R-019,Firme i kontni plan,Firma van PDV sistema,Kod firme van PDV sistema ne knjiži se posebna PDV stavka; PDV ulazi u trošak/nabavnu vrijednost.,Vrlo visok,Zaključeno,Backend,Ne,F-016,,,,,,,,,,,,,,,,,
R-020,Firme i kontni plan,Firma u PDV sistemu,Kod firme u PDV sistemu PDV se knjiži posebno i ulazi u PDV evidenciju.,Vrlo visok,Zaključeno,Backend,Ne,F-016,,,,,,,,,,,,,,,,,
R-021,Firme i kontni plan,Više bankovnih računa,Firma može imati više bankovnih računa i valuta.,Visok,Zaključeno,Baza/UI,Ne,F-017,,,,,,,,,,,,,,,,,
R-022,Firme i kontni plan,Više klijenata firme,Jedna firma može imati više klijentskih korisnika sa različitim pravima pregleda.,Visok,Zaključeno,Backend/Baza,Ne,F-018,,,,,,,,,,,,,,,,,
R-023,Firme i kontni plan,Više radnika na firmi,Jednu firmu može raditi više radnika agencije sa različitim ulogama.,Vrlo visok,Zaključeno,Backend/Baza,Ne,F-019,,,,,,,,,,,,,,,,,
R-024,Firme i kontni plan,Deaktivacija firme ne briše podatke,"Firma se arhivira/deaktivira, ali dokumenti, nalozi i istorija ostaju.",Vrlo visok,Zaključeno,Backend/Baza,Ne,F-012,,,,,,,,,,,,,,,,,
R-025,Firme i kontni plan,Osnovni kontni plan + override,Kompletan kontni plan se ne kopira po firmi; čuvaju se samo specifična konta i izmjene.,Vrlo visok,Zaključeno,Baza/Backend,Ne,"F-021,F-022",,,,,,,,,,,,,,,,,
R-026,Firme i kontni plan,Konto unique u firmi,Broj konta mora biti jedinstven u kombinovanom kontnom planu firme.,Vrlo visok,Zaključeno,Baza/Backend,Ne,F-022,,,,,,,,,,,,,,,,,
R-027,Firme i kontni plan,Deaktivirano konto,"Deaktivirano konto se ne nudi za nova knjiženja, ali ostaje u istoriji.",Visok,Zaključeno,Backend,Ne,F-022,,,,,,,,,,,,,,,,,
R-028,Firme i kontni plan,Default konta,Automatsko knjiženje koristi podrazumijevana konta firme i godine.,Vrlo visok,Zaključeno,Backend/Baza,Ne,F-023,,,,,,,,,,,,,,,,,
R-029,Nalozi za knjiženje,Vrste naloga nijesu hardkodirane,"Postoje sistemske vrste, ali firma može otvoriti svoje vrste naloga.",Vrlo visok,Zaključeno,Backend/Baza,Ne,F-024,,,,,,,,,,,,,,,,,
R-030,Nalozi za knjiženje,Numeracija po vrsti,Svaka vrsta naloga ima svoj brojač po firmi i poslovnoj godini.,Vrlo visok,Zaključeno,Backend/Baza,Ne,F-025,,,,,,,,,,,,,,,,,
R-031,Nalozi za knjiženje,Zabrana duplih brojeva,Ne smiju postojati dva naloga iste vrste sa istim brojem u istoj firmi/godini.,Vrlo visok,Zaključeno,Baza,Ne,F-025,UNIQUE company_id + business_year_id + journal_type_id + journal_number.,,,,,,,,,,,,,,,,
R-032,Nalozi za knjiženje,Zaglavlje i stavke,Nalog ima zaglavlje i tabelarne stavke; poslovna jedinica je opciona u zaglavlju.,Vrlo visok,Zaključeno,Backend/UI/Baza,Ne,"F-026,F-027",,,,,,,,,,,,,,,,,
R-033,Nalozi za knjiženje,Ručni nalog bez tolerancije,Ručni nalog mora biti izbalansiran tačno u cent da bi se proknjižio.,Vrlo visok,Zaključeno,Backend,Ne,F-029,,,,,,,,,,,,,,,,,
R-034,Nalozi za knjiženje,Automatski nalog tolerancija 0.01,Automatsko knjiženje može tolerisati razliku 0.01 EUR zbog zaokruživanja.,Visok,Zaključeno,Backend,Ne,F-033,,,,,,,,,,,,,,,,,
R-035,Nalozi za knjiženje,Nacrt ne ulazi u knjige,"Nacrt ne ulazi u bruto bilans, analitičke kartice ni izvještaje.",Vrlo visok,Zaključeno,Backend/Izvještaji,Ne,F-028,,,,,,,,,,,,,,,,,
R-036,Nalozi za knjiženje,Proknjižen nalog ulazi u knjige,Samo POSTED nalog ulazi u bruto bilans i analitičke kartice.,Vrlo visok,Zaključeno,Backend/Izvještaji,Ne,"F-029,F-038",,,,,,,,,,,,,,,,,
R-037,Nalozi za knjiženje,Proknjižen se ne mijenja direktno,Proknjižen nalog se prvo mora vratiti u nacrt da bi se mijenjao.,Visok,Zaključeno,Backend/UI,Ne,F-030,,,,,,,,,,,,,,,,,
R-038,Nalozi za knjiženje,Prava izmjene naloga,Korisnik može mijenjati svoje ili tuđe naloge samo ako ima dodijeljeno pravo.,Vrlo visok,Zaključeno,Backend,Ne,"F-008,F-030",,,,,,,,,,,,,,,,,
R-039,Nalozi za knjiženje,Brisanje naloga soft delete,Obrisan nalog ostaje u bazi i ne ulazi u izvještaje.,Visok,Zaključeno,Backend/Baza,Ne,F-031,,,,,,,,,,,,,,,,,
R-040,Nalozi za knjiženje,Bez storna u prvoj verziji,Storno nalozi se ne implementiraju u prvoj verziji.,Srednji,Zaključeno,Arhitektura,Ne,M-003,,,,,,,,,,,,,,,,,
R-041,Nalozi za knjiženje,Jedan dokument jedan nalog,Jedan dokument u pravilu kreira jedan nalog.,Visok,Zaključeno,Backend,Ne,F-032,,,,,,,,,,,,,,,,,
R-042,Nalozi za knjiženje,Jedan nalog više dokumenata,Jedan nalog može biti povezan sa više dokumenata kroz veznu tabelu.,Visok,Zaključeno,Baza/Backend,Ne,F-032,Za grupna knjiženja.,,,,,,,,,,,,,,,,
R-043,Nalozi za knjiženje,Izmjena dokumenta alarmira nalog,"Ako se izvorni dokument promijeni poslije knjiženja, povezani nalog dobija status za pregled.",Visok,Zaključeno,Backend,Ne,F-033,SOURCE_CHANGED / NEEDS_REVIEW.,,,,,,,,,,,,,,,,
R-044,Nalozi za knjiženje,Samo jedno početno stanje,Svaka firma/godina može imati samo jedan nalog početnog stanja.,Vrlo visok,Zaključeno,Baza/Backend,Ne,F-034,,,,,,,,,,,,,,,,,
R-045,Nalozi za knjiženje,Početno stanje odvojeno u bruto bilansu,Početno stanje se prikazuje u posebnim kolonama duguje/potražuje i nije promet tekuće godine.,Vrlo visok,Zaključeno,Izvještaji,Ne,"F-034,F-038",,,,,,,,,,,,,,,,,
R-046,Nalozi za knjiženje,Automatski prenos PS,Krajnje stanje prethodne godine postaje početno stanje nove godine kao nacrt.,Vrlo visok,Zaključeno,Backend,Ne,F-035,,,,,,,,,,,,,,,,,
R-047,Nalozi za knjiženje,Partner zajednička tabela,Jedan partner može biti i kupac i dobavljač.,Vrlo visok,Zaključeno,Baza/Backend,Ne,F-036,,,,,,,,,,,,,,,,,
R-048,Nalozi za knjiženje,Analitičko konto zahtijeva partnera,"Ako je konto analitičko, stavka naloga mora imati partnera.",Vrlo visok,Zaključeno,Backend,Ne,F-037,,,,,,,,,,,,,,,,,
R-049,Nalozi za knjiženje,Kartice po partneru,Sistem mora omogućiti zbirni saldo partnera i detaljne kartice po partneru.,Vrlo visok,Zaključeno,Izvještaji,Ne,F-037,,,,,,,,,,,,,,,,,
R-050,Nalozi za knjiženje,Bruto bilans kolone,"Bruto bilans ima PS duguje/potražuje, promet, ukupno i saldo duguje/potražuje.",Vrlo visok,Zaključeno,Izvještaji,Ne,F-038,,,,,,,,,,,,,,,,,
,,,,,,,,,,,,,,,,,,,,,,,,,
,,,,,,,,,,,,,,,,,,,,,,,,,
,,,,,,,,,,,,,,,,,,,,,,,,,
,,,,,,,,,,,,,,,,,,,,,,,,,
,,,,,,,,,,,,,,,,,,,,,,,,,
,,,,,,,,,,,,,,,,,,,,,,,,,
,,,,,,,,,,,,,,,,,,,,,,,,,
,,,,,,,,,,,,,,,,,,,,,,,,,
,,,,,,,,,,,,,,,,,,,,,,,,,
,,,,,,,,,,,,,,,,,,,,,,,,,
,,,,,,,,,,,,,,,,,,,,,,,,,
,,,,,,,,,,,,,,,,,,,,,,,,,
,,,,,,,,,,,,,,,,,,,,,,,,,
,,,,,,,,,,,,,,,,,,,,,,,,,
,,,,,,,,,,,,,,,,,,,,,,,,,
,,,,,,,,,,,,,,,,,,,,,,,,,
,,,,,,,,,,,,,,,,,,,,,,,,,
,,,,,,,,,,,,,,,,,,,,,,,,,
,,,,,,,,,,,,,,,,,,,,,,,,,
,,,,,,,,,,,,,,,,,,,,,,,,,
,,,,,,,,,,,,,,,,,,,,,,,,,
,,,,,,,,,,,,,,,,,,,,,,,,,
,,,,,,,,,,,,,,,,,,,,,,,,,
,,,,,,,,,,,,,,,,,,,,,,,,,
,,,,,,,,,,,,,,,,,,,,,,,,,
,,,,,,,,,,,,,,,,,,,,,,,,,
,,,,,,,,,,,,,,,,,,,,,,,,,
,,,,,,,,,,,,,,,,,,,,,,,,,
,,,,,,,,,,,,,,,,,,,,,,,,,
,,,,,,,,,,,,,,,,,,,,,,,,,
,,,,,,,,,,,,,,,,,,,,,,,,,
,,,,,,,,,,,,,,,,,,,,,,,,,
,,,,,,,,,,,,,,,,,,,,,,,,,
,,,,,,,,,,,,,,,,,,,,,,,,,
,,,,,,,,,,,,,,,,,,,,,,,,,
,,,,,,,,,,,,,,,,,,,,,,,,,
,,,,,,,,,,,,,,,,,,,,,,,,,
,,,,,,,,,,,,,,,,,,,,,,,,,
,,,,,,,,,,,,,,,,,,,,,,,,,
,,,,,,,,,,,,,,,,,,,,,,,,,
,,,,,,,,,,,,,,,,,,,,,,,,,
,,,,,,,,,,,,,,,,,,,,,,,,,
,,,,,,,,,,,,,,,,,,,,,,,,,
,,,,,,,,,,,,,,,,,,,,,,,,,
,,,,,,,,,,,,,,,,,,,,,,,,,
,,,,,,,,,,,,,,,,,,,,,,,,,
,,,,,,,,,,,,,,,,,,,,,,,,,
,,,,,,,,,,,,,,,,,,,,,,,,,
,,,,,,,,,,,,,,,,,,,,,,,,,
,,,,,,,,,,,,,,,,,,,,,,,,,
,,,,,,,,,,,,,,,,,,,,,,,,,
,,,,,,,,,,,,,,,,,,,,,,,,,
,,,,,,,,,,,,,,,,,,,,,,,,,
,,,,,,,,,,,,,,,,,,,,,,,,,
,,,,,,,,,,,,,,,,,,,,,,,,,
,,,,,,,,,,,,,,,,,,,,,,,,,
,,,,,,,,,,,,,,,,,,,,,,,,,
,,,,,,,,,,,,,,,,,,,,,,,,,
,,,,,,,,,,,,,,,,,,,,,,,,,
,,,,,,,,,,,,,,,,,,,,,,,,,
,,,,,,,,,,,,,,,,,,,,,,,,,
,,,,,,,,,,,,,,,,,,,,,,,,,
,,,,,,,,,,,,,,,,,,,,,,,,,
,,,,,,,,,,,,,,,,,,,,,,,,,
,,,,,,,,,,,,,,,,,,,,,,,,,
,,,,,,,,,,,,,,,,,,,,,,,,,
,,,,,,,,,,,,,,,,,,,,,,,,,
,,,,,,,,,,,,,,,,,,,,,,,,,
,,,,,,,,,,,,,,,,,,,,,,,,,
,,,,,,,,,,,,,,,,,,,,,,,,,
,,,,,,,,,,,,,,,,,,,,,,,,,
,,,,,,,,,,,,,,,,,,,,,,,,,
,,,,,,,,,,,,,,,,,,,,,,,,,
,,,,,,,,,,,,,,,,,,,,,,,,,
,,,,,,,,,,,,,,,,,,,,,,,,,
,,,,,,,,,,,,,,,,,,,,,,,,,
,,,,,,,,,,,,,,,,,,,,,,,,,
,,,,,,,,,,,,,,,,,,,,,,,,,
,,,,,,,,,,,,,,,,,,,,,,,,,
,,,,,,,,,,,,,,,,,,,,,,,,,
,,,,,,,,,,,,,,,,,,,,,,,,,
,,,,,,,,,,,,,,,,,,,,,,,,,
,,,,,,,,,,,,,,,,,,,,,,,,,
,,,,,,,,,,,,,,,,,,,,,,,,,
,,,,,,,,,,,,,,,,,,,,,,,,,
,,,,,,,,,,,,,,,,,,,,,,,,,
,,,,,,,,,,,,,,,,,,,,,,,,,
,,,,,,,,,,,,,,,,,,,,,,,,,
,,,,,,,,,,,,,,,,,,,,,,,,,
,,,,,,,,,,,,,,,,,,,,,,,,,
,,,,,,,,,,,,,,,,,,,,,,,,,
,,,,,,,,,,,,,,,,,,,,,,,,,
,,,,,,,,,,,,,,,,,,,,,,,,,
,,,,,,,,,,,,,,,,,,,,,,,,,
,,,,,,,,,,,,,,,,,,,,,,,,,
,,,,,,,,,,,,,,,,,,,,,,,,,
,,,,,,,,,,,,,,,,,,,,,,,,,
,,,,,,,,,,,,,,,,,,,,,,,,,
,,,,,,,,,,,,,,,,,,,,,,,,,
,,,,,,,,,,,,,,,,,,,,,,,,,
,,,,,,,,,,,,,,,,,,,,,,,,,
,,,,,,,,,,,,,,,,,,,,,,,,,
,,,,,,,,,,,,,,,,,,,,,,,,,
,,,,,,,,,,,,,,,,,,,,,,,,,
,,,,,,,,,,,,,,,,,,,,,,,,,
,,,,,,,,,,,,,,,,,,,,,,,,,
,,,,,,,,,,,,,,,,,,,,,,,,,
,,,,,,,,,,,,,,,,,,,,,,,,,
,,,,,,,,,,,,,,,,,,,,,,,,,
,,,,,,,,,,,,,,,,,,,,,,,,,
,,,,,,,,,,,,,,,,,,,,,,,,,
,,,,,,,,,,,,,,,,,,,,,,,,,
,,,,,,,,,,,,,,,,,,,,,,,,,
,,,,,,,,,,,,,,,,,,,,,,,,,
,,,,,,,,,,,,,,,,,,,,,,,,,
,,,,,,,,,,,,,,,,,,,,,,,,,
,,,,,,,,,,,,,,,,,,,,,,,,,
,,,,,,,,,,,,,,,,,,,,,,,,,
,,,,,,,,,,,,,,,,,,,,,,,,,
,,,,,,,,,,,,,,,,,,,,,,,,,
,,,,,,,,,,,,,,,,,,,,,,,,,
,,,,,,,,,,,,,,,,,,,,,,,,,
,,,,,,,,,,,,,,,,,,,,,,,,,
,,,,,,,,,,,,,,,,,,,,,,,,,
,,,,,,,,,,,,,,,,,,,,,,,,,
,,,,,,,,,,,,,,,,,,,,,,,,,
,,,,,,,,,,,,,,,,,,,,,,,,,
,,,,,,,,,,,,,,,,,,,,,,,,,
,,,,,,,,,,,,,,,,,,,,,,,,,
,,,,,,,,,,,,,,,,,,,,,,,,,
,,,,,,,,,,,,,,,,,,,,,,,,,
,,,,,,,,,,,,,,,,,,,,,,,,,
,,,,,,,,,,,,,,,,,,,,,,,,,
,,,,,,,,,,,,,,,,,,,,,,,,,
,,,,,,,,,,,,,,,,,,,,,,,,,
,,,,,,,,,,,,,,,,,,,,,,,,,
,,,,,,,,,,,,,,,,,,,,,,,,,
,,,,,,,,,,,,,,,,,,,,,,,,,
,,,,,,,,,,,,,,,,,,,,,,,,,
,,,,,,,,,,,,,,,,,,,,,,,,,
,,,,,,,,,,,,,,,,,,,,,,,,,
,,,,,,,,,,,,,,,,,,,,,,,,,
,,,,,,,,,,,,,,,,,,,,,,,,,
,,,,,,,,,,,,,,,,,,,,,,,,,
,,,,,,,,,,,,,,,,,,,,,,,,,
,,,,,,,,,,,,,,,,,,,,,,,,,
,,,,,,,,,,,,,,,,,,,,,,,,,
,,,,,,,,,,,,,,,,,,,,,,,,,
,,,,,,,,,,,,,,,,,,,,,,,,,
,,,,,,,,,,,,,,,,,,,,,,,,,
,,,,,,,,,,,,,,,,,,,,,,,,,
,,,,,,,,,,,,,,,,,,,,,,,,,
,,,,,,,,,,,,,,,,,,,,,,,,,
,,,,,,,,,,,,,,,,,,,,,,,,,
,,,,,,,,,,,,,,,,,,,,,,,,,
,,,,,,,,,,,,,,,,,,,,,,,,,
,,,,,,,,,,,,,,,,,,,,,,,,,
,,,,,,,,,,,,,,,,,,,,,,,,,
,,,,,,,,,,,,,,,,,,,,,,,,,
,,,,,,,,,,,,,,,,,,,,,,,,,
,,,,,,,,,,,,,,,,,,,,,,,,,
,,,,,,,,,,,,,,,,,,,,,,,,,
,,,,,,,,,,,,,,,,,,,,,,,,,
,,,,,,,,,,,,,,,,,,,,,,,,,
,,,,,,,,,,,,,,,,,,,,,,,,,
,,,,,,,,,,,,,,,,,,,,,,,,,
,,,,,,,,,,,,,,,,,,,,,,,,,
,,,,,,,,,,,,,,,,,,,,,,,,,
,,,,,,,,,,,,,,,,,,,,,,,,,
,,,,,,,,,,,,,,,,,,,,,,,,,
,,,,,,,,,,,,,,,,,,,,,,,,,
,,,,,,,,,,,,,,,,,,,,,,,,,
,,,,,,,,,,,,,,,,,,,,,,,,,
,,,,,,,,,,,,,,,,,,,,,,,,,
,,,,,,,,,,,,,,,,,,,,,,,,,
,,,,,,,,,,,,,,,,,,,,,,,,,
,,,,,,,,,,,,,,,,,,,,,,,,,
,,,,,,,,,,,,,,,,,,,,,,,,,
,,,,,,,,,,,,,,,,,,,,,,,,,
,,,,,,,,,,,,,,,,,,,,,,,,,
,,,,,,,,,,,,,,,,,,,,,,,,,
,,,,,,,,,,,,,,,,,,,,,,,,,
,,,,,,,,,,,,,,,,,,,,,,,,,
,,,,,,,,,,,,,,,,,,,,,,,,,
,,,,,,,,,,,,,,,,,,,,,,,,,
,,,,,,,,,,,,,,,,,,,,,,,,,
,,,,,,,,,,,,,,,,,,,,,,,,,
,,,,,,,,,,,,,,,,,,,,,,,,,
,,,,,,,,,,,,,,,,,,,,,,,,,
,,,,,,,,,,,,,,,,,,,,,,,,,
,,,,,,,,,,,,,,,,,,,,,,,,,
,,,,,,,,,,,,,,,,,,,,,,,,,
,,,,,,,,,,,,,,,,,,,,,,,,,
,,,,,,,,,,,,,,,,,,,,,,,,,
,,,,,,,,,,,,,,,,,,,,,,,,,
,,,,,,,,,,,,,,,,,,,,,,,,,
,,,,,,,,,,,,,,,,,,,,,,,,,
,,,,,,,,,,,,,,,,,,,,,,,,,
,,,,,,,,,,,,,,,,,,,,,,,,,
,,,,,,,,,,,,,,,,,,,,,,,,,
,,,,,,,,,,,,,,,,,,,,,,,,,
,,,,,,,,,,,,,,,,,,,,,,,,,
,,,,,,,,,,,,,,,,,,,,,,,,,
,,,,,,,,,,,,,,,,,,,,,,,,,
,,,,,,,,,,,,,,,,,,,,,,,,,
,,,,,,,,,,,,,,,,,,,,,,,,,
,,,,,,,,,,,,,,,,,,,,,,,,,
,,,,,,,,,,,,,,,,,,,,,,,,,
,,,,,,,,,,,,,,,,,,,,,,,,,
,,,,,,,,,,,,,,,,,,,,,,,,,
,,,,,,,,,,,,,,,,,,,,,,,,,
,,,,,,,,,,,,,,,,,,,,,,,,,
,,,,,,,,,,,,,,,,,,,,,,,,,
,,,,,,,,,,,,,,,,,,,,,,,,,
,,,,,,,,,,,,,,,,,,,,,,,,,
,,,,,,,,,,,,,,,,,,,,,,,,,
,,,,,,,,,,,,,,,,,,,,,,,,,
,,,,,,,,,,,,,,,,,,,,,,,,,
,,,,,,,,,,,,,,,,,,,,,,,,,
,,,,,,,,,,,,,,,,,,,,,,,,,
,,,,,,,,,,,,,,,,,,,,,,,,,
,,,,,,,,,,,,,,,,,,,,,,,,,
,,,,,,,,,,,,,,,,,,,,,,,,,
,,,,,,,,,,,,,,,,,,,,,,,,,
,,,,,,,,,,,,,,,,,,,,,,,,,
,,,,,,,,,,,,,,,,,,,,,,,,,
,,,,,,,,,,,,,,,,,,,,,,,,,
,,,,,,,,,,,,,,,,,,,,,,,,,
,,,,,,,,,,,,,,,,,,,,,,,,,
,,,,,,,,,,,,,,,,,,,,,,,,,
,,,,,,,,,,,,,,,,,,,,,,,,,
,,,,,,,,,,,,,,,,,,,,,,,,,
,,,,,,,,,,,,,,,,,,,,,,,,,
,,,,,,,,,,,,,,,,,,,,,,,,,
,,,,,,,,,,,,,,,,,,,,,,,,,
,,,,,,,,,,,,,,,,,,,,,,,,,
,,,,,,,,,,,,,,,,,,,,,,,,,
,,,,,,,,,,,,,,,,,,,,,,,,,
,,,,,,,,,,,,,,,,,,,,,,,,,
,,,,,,,,,,,,,,,,,,,,,,,,,
,,,,,,,,,,,,,,,,,,,,,,,,,
,,,,,,,,,,,,,,,,,,,,,,,,,
,,,,,,,,,,,,,,,,,,,,,,,,,
,,,,,,,,,,,,,,,,,,,,,,,,,
,,,,,,,,,,,,,,,,,,,,,,,,,
,,,,,,,,,,,,,,,,,,,,,,,,,
R-051,Robno knjigovodstvo,Roba i usluge u istoj tabeli,Roba i usluge se vode u istoj tabeli artikala.,Vrlo visok,Zaključeno,Backend/Baza,Ne,F-039:F-061,,,,,,,,,,,,,,,,,
R-052,Robno knjigovodstvo,Default je roba,"Nova stavka je po defaultu roba, osim ako korisnik čekira uslugu.",Vrlo visok,Zaključeno,Backend/Baza,Ne,F-039:F-061,,,,,,,,,,,,,,,,,
R-053,Robno knjigovodstvo,Usluga checkbox,Usluga se označava checkboxom is_service.,Vrlo visok,Zaključeno,Backend/Baza,Ne,F-039:F-061,,,,,,,,,,,,,,,,,
R-054,Robno knjigovodstvo,Usluga ne vodi lager,Usluge ne zadužuju i ne razdužuju magacin.,Vrlo visok,Zaključeno,Backend/Baza,Ne,F-039:F-061,,,,,,,,,,,,,,,,,
R-055,Robno knjigovodstvo,Roba vodi lager,Samo roba vodi količinu i vrijednost zaliha.,Vrlo visok,Zaključeno,Backend/Baza,Ne,F-039:F-061,,,,,,,,,,,,,,,,,
R-056,Robno knjigovodstvo,Artikli po firmi,"Svaka firma ima svoje artikle, šifre i cijene.",Vrlo visok,Zaključeno,Backend/Baza,Ne,F-039:F-061,,,,,,,,,,,,,,,,,
R-057,Robno knjigovodstvo,Više cijena artikla,"Cijene se vode u posebnoj tabeli i mogu važiti po kupcu, magacinu ili periodu.",Visok,Zaključeno,Backend/Baza,Ne,F-039:F-061,,,,,,,,,,,,,,,,,
R-058,Robno knjigovodstvo,Više magacina,Firma može imati više magacina.,Visok,Zaključeno,Backend/Baza,Ne,F-039:F-061,,,,,,,,,,,,,,,,,
R-059,Robno knjigovodstvo,Zalihe po magacinu,"Zalihe se vode po firmi, godini, magacinu i artiklu.",Vrlo visok,Zaključeno,Backend/Baza,Ne,F-039:F-061,,,,,,,,,,,,,,,,,
R-060,Robno knjigovodstvo,Magacin i poslovna jedinica,"Magacin može biti povezan sa poslovnom jedinicom, ali nije isto što i poslovna jedinica.",Visok,Zaključeno,Backend/Baza,Ne,F-039:F-061,,,,,,,,,,,,,,,,,
R-061,Robno knjigovodstvo,Kalkulacija zadužuje magacin,Kalkulacija uvijek zadužuje izabrani magacin.,Vrlo visok,Zaključeno,Backend/Baza,Ne,F-039:F-061,,,,,,,,,,,,,,,,,
R-062,Robno knjigovodstvo,Dokument bez zaduženja nije kalkulacija,"Ako dokument ne zadužuje magacin, ne tretira se kao kalkulacija.",Visok,Zaključeno,Backend/Baza,Ne,F-039:F-061,,,,,,,,,,,,,,,,,
R-063,Robno knjigovodstvo,Kalkulacija iz računa dobavljača,Kalkulacija se pravi direktno iz računa dobavljača.,Vrlo visok,Zaključeno,Backend/Baza,Ne,F-039:F-061,,,,,,,,,,,,,,,,,
R-064,Robno knjigovodstvo,Kalkulacija kreira nalog,Proknjižena kalkulacija kreira nalog za knjiženje.,Vrlo visok,Zaključeno,Backend/Baza,Ne,F-039:F-061,,,,,,,,,,,,,,,,,
R-065,Robno knjigovodstvo,Zavisni troškovi,"Kalkulacija može imati transport, špediciju, carinu i druge zavisne troškove.",Visok,Zaključeno,Backend/Baza,Ne,F-039:F-061,,,,,,,,,,,,,,,,,
R-066,Robno knjigovodstvo,Raspored zavisnih troškova,Zavisni troškovi se default raspoređuju po vrijednosti robe.,Visok,Zaključeno,Backend/Baza,Ne,F-039:F-061,,,,,,,,,,,,,,,,,
R-067,Robno knjigovodstvo,Ručna korekcija troškova,Korisnik može ručno korigovati raspored zavisnih troškova.,Visok,Zaključeno,Backend/Baza,Ne,F-039:F-061,,,,,,,,,,,,,,,,,
R-068,Robno knjigovodstvo,Rabat,Kalkulacija podržava rabat procenat i iznos po stavci.,Visok,Zaključeno,Backend/Baza,Ne,F-039:F-061,,,,,,,,,,,,,,,,,
R-069,Robno knjigovodstvo,Marža ili cijena,"Korisnik može unijeti maržu ili prodajnu cijenu, sistem računa drugo.",Visok,Zaključeno,Backend/Baza,Ne,F-039:F-061,,,,,,,,,,,,,,,,,
R-070,Robno knjigovodstvo,Više PDV stopa,Kalkulacija podržava više PDV stopa po stavkama.,Visok,Zaključeno,Backend/UI,Ne,F-039:F-061,,,,,,,,,,,,,,,,,
R-071,Robno knjigovodstvo,Maloprodaja i veleprodaja,Kalkulacija podržava maloprodajni i veleprodajni režim.,Visok,Zaključeno,Backend/UI,Ne,F-039:F-061,,,,,,,,,,,,,,,,,
R-072,Robno knjigovodstvo,Lager po nabavnoj vrijednosti,Računovodstvena vrijednost lagera vodi se po nabavnoj vrijednosti.,Visok,Zaključeno,Backend/UI,Ne,F-039:F-061,,,,,,,,,,,,,,,,,
R-073,Robno knjigovodstvo,Maloprodajne vrijednosti,"Maloprodaja dodatno prati maloprodajnu vrijednost, RUC i ukalkulisani PDV.",Visok,Zaključeno,Backend/Baza,Ne,F-039:F-061,,,,,,,,,,,,,,,,,
R-074,Robno knjigovodstvo,Uvozna kalkulacija,Uvozna kalkulacija je poseban tip kalkulacije.,Visok,Zaključeno,Backend/Baza,Ne,F-039:F-061,,,,,,,,,,,,,,,,,
R-075,Robno knjigovodstvo,Ulazni PDV 0 kod uvoza,Kod uvoza sve stavke na ulazu imaju PDV stopu 0%.,Vrlo visok,Zaključeno,Backend/Baza,Ne,F-039:F-061,,,,,,,,,,,,,,,,,
R-076,Robno knjigovodstvo,Carinski PDV,Kod uvoza ulazni PDV dolazi iz carinske deklaracije.,Vrlo visok,Zaključeno,Backend/Baza,Ne,F-039:F-061,,,,,,,,,,,,,,,,,
R-077,Robno knjigovodstvo,Ukalkulisani PDV kod uvoza,Kod uvoza ukalkulisani PDV se računa normalno po prodajnoj stopi artikla.,Visok,Zaključeno,Backend/Baza,Ne,F-039:F-061,,,,,,,,,,,,,,,,,
R-078,Robno knjigovodstvo,Povrat dobavljaču poseban dokument,"Povrat dobavljaču nije kalkulacija sa minus količinama, već poseban dokument.",Vrlo visok,Zaključeno,Backend/Baza,Ne,F-039:F-061,,,,,,,,,,,,,,,,,
R-079,Robno knjigovodstvo,Povrat smanjuje lager,Proknjižen povrat dobavljaču smanjuje lager.,Vrlo visok,Zaključeno,Backend/Baza,Ne,F-039:F-061,,,,,,,,,,,,,,,,,
R-080,Robno knjigovodstvo,Povrat smanjuje obavezu,Povrat dobavljaču smanjuje obavezu prema dobavljaču.,Visok,Zaključeno,Backend/Baza,Ne,F-039:F-061,,,,,,,,,,,,,,,,,
R-081,Robno knjigovodstvo,Povrat može biti slobodan,Povrat dobavljaču može biti samostalan ili opciono povezan sa kalkulacijom.,Visok,Zaključeno,Backend/Baza,Ne,F-039:F-061,,,,,,,,,,,,,,,,,
R-082,Robno knjigovodstvo,Faktura razdužuje robu,Izlazna faktura sa robom razdužuje robu iz magacina.,Vrlo visok,Zaključeno,Backend/Baza,Ne,F-039:F-061,,,,,,,,,,,,,,,,,
R-083,Robno knjigovodstvo,Usluge na fakturi,Usluge na fakturi ne razdužuju lager.,Visok,Zaključeno,Backend/Baza,Ne,F-039:F-061,,,,,,,,,,,,,,,,,
R-084,Robno knjigovodstvo,Prosječna ponderisana cijena,Roba se razdužuje po prosječnoj ponderisanoj nabavnoj cijeni.,Vrlo visok,Zaključeno,Backend/Baza,Ne,F-039:F-061,,,,,,,,,,,,,,,,,
R-085,Robno knjigovodstvo,Blokiranje negativnog lagera,Sistem može blokirati dokument ako nema dovoljno robe na stanju.,Vrlo visok,Zaključeno,Backend/Baza,Ne,F-039:F-061,,,,,,,,,,,,,,,,,
R-086,Robno knjigovodstvo,Dozvola negativnog lagera,Sistem može dozvoliti lager u minus uz upozorenje i pravila za nabavnu cijenu.,Visok,Zaključeno,Backend/Baza,Ne,F-039:F-061,,,,,,,,,,,,,,,,,
R-087,Robno knjigovodstvo,Prenos između magacina,Prenos smanjuje izvorni i povećava odredišni magacin.,Visok,Zaključeno,Backend/Baza,Ne,F-039:F-061,,,,,,,,,,,,,,,,,
R-088,Robno knjigovodstvo,Prenos kreira nalog,Prenos robe pravi nalog za knjiženje.,Visok,Zaključeno,Backend/Baza,Ne,F-039:F-061,,,,,,,,,,,,,,,,,
R-089,Robno knjigovodstvo,Popis višak/manjak,Popis može napraviti višak ili manjak robe.,Visok,Zaključeno,Backend/Baza,Ne,F-039:F-061,,,,,,,,,,,,,,,,,
R-090,Robno knjigovodstvo,Višak povećava lager,Višak iz popisa povećava lager.,Visok,Zaključeno,Backend/Baza,Ne,F-039:F-061,,,,,,,,,,,,,,,,,
R-091,Robno knjigovodstvo,Manjak smanjuje lager,Manjak iz popisa smanjuje lager.,Visok,Zaključeno,Backend/Baza,Ne,F-039:F-061,,,,,,,,,,,,,,,,,
R-092,Robno knjigovodstvo,Otpis smanjuje lager,Otpis robe smanjuje lager.,Visok,Zaključeno,Backend/Baza,Ne,F-039:F-061,,,,,,,,,,,,,,,,,
R-093,Robno knjigovodstvo,Korekcije kreiraju naloge,"Popis, manjak, višak i otpis prave naloge za knjiženje.",Visok,Zaključeno,Backend/UI,Ne,F-039:F-061,,,,,,,,,,,,,,,,,
R-094,Robno knjigovodstvo,Nivelacija cijena,Nivelacija mijenja maloprodajne cijene robe.,Visok,Zaključeno,Backend/Baza,Ne,F-039:F-061,,,,,,,,,,,,,,,,,
R-095,Robno knjigovodstvo,Nivelacija bez količine,Nivelacija ne mijenja količinu robe.,Visok,Zaključeno,Backend/UI,Ne,F-039:F-061,,,,,,,,,,,,,,,,,
R-096,Robno knjigovodstvo,Nivelacija RUC i PDV,Nivelacija računa promjenu razlike u cijeni i ukalkulisanog PDV-a.,Visok,Zaključeno,Backend/UI,Ne,F-039:F-061,,,,,,,,,,,,,,,,,
R-097,Robno knjigovodstvo,Nivelacija kreira nalog,Nivelacija pravi nalog za knjiženje.,Visok,Zaključeno,Backend/Baza,Ne,F-039:F-061,,,,,,,,,,,,,,,,,
R-098,Robno knjigovodstvo,Samo POSTED utiče na lager,Samo proknjiženi robni dokumenti utiču na stanje zaliha.,Vrlo visok,Zaključeno,Backend/Baza,Ne,F-039:F-061,,,,,,,,,,,,,,,,,
R-099,Robno knjigovodstvo,Nacrt ne utiče na lager,Robni dokument u nacrtu ne mijenja lager.,Vrlo visok,Zaključeno,Backend/Baza,Ne,F-039:F-061,,,,,,,,,,,,,,,,,
R-100,Robno knjigovodstvo,Soft delete,Brisanje robnih dokumenata je soft delete.,Vrlo visok,Zaključeno,Backend/Baza,Ne,F-039:F-061,,,,,,,,,,,,,,,,,
R-101,Robno knjigovodstvo,Audit log,Sve bitne izmjene u robnom modulu idu u audit log.,Vrlo visok,Zaključeno,Backend/Baza,Ne,F-039:F-061,,,,,,,,,,,,,,,,,
R-102,Podešavanja / PDV,PDV stope nijesu hardkodirane,"KIF/KUF forme moraju čitati aktivne stope iz šifarnika, a ne iz koda.",Vrlo visok,Implementirano,Backend/UI/Baza,Djelimicno,F-062,Stari KIF/KUF zapisi treba da pamte procenat važeći u trenutku unosa.,,,,,,,,,,,,,,,,
R-103,Računi / KUF,KUF se vodi kroz mjesečne knjige,"KUF računi se ne unose direktno u opštu listu, nego u prethodno otvorenu KUF knjigu za izabrani mjesec poslovne godine. Broj knjige ide automatski redom.",Vrlo visok,Implementirano,Backend/UI/Baza,Djelimicno,F-063,Datum KUF-a se automatski postavlja na zadnji dan izabranog mjeseca; računi ostaju povezani sa KUF knjigom.,,,,,,,,,,,,,,,,
R-104,Izvodi,Bez knjiženja bez preview-a,Sistem ne smije automatski knjižiti izvod bez preview-a i potvrde korisnika.,Vrlo visok,Specifikacija spremna,Backend/UI,Ne,F-078,,,,,,,,,,,,,,,,,
R-105,Izvodi,Jedan izvod jedan nalog,Jedan bankovni izvod u pravilu kreira jedan nalog za knjiženje.,Vrlo visok,Specifikacija spremna,Backend/Baza,Ne,F-084,,,,,,,,,,,,,,,,,
R-106,Izvodi,Kontrola stanja izvoda,Izvod se ne može proknjižiti ako početno stanje + prilivi - odlivi nije jednako krajnjem stanju.,Vrlo visok,Specifikacija spremna,Backend,Ne,F-084,,,,,,,,,,,,,,,,,
R-107,Izvodi,Prepoznavanje po žiro računu,Komitent se primarno prepoznaje po normalizovanom žiro računu a ne po nazivu iz banke.,Vrlo visok,Specifikacija spremna,Backend,Ne,F-079,,,,,,,,,,,,,,,,,
R-108,Izvodi,Učenje žiro računa,Korisnik može zapamtiti nepoznati žiro račun za komitenta; isti račun ne smije aktivno pripadati različitim komitentima bez upozorenja.,Visok,Specifikacija spremna,Backend/UI,Ne,F-079,,,,,,,,,,,,,,,,,
R-109,Izvodi,Alokacije na fakture,Stavka izvoda može zatvoriti više faktura i jedna faktura može biti zatvorena kroz više uplata.,Vrlo visok,Specifikacija spremna,Backend/Baza,Ne,F-080,,,,,,,,,,,,,,,,,
R-110,Izvodi,Sve stavke riješene prije knjiženja,Izvod se knjiži tek kada su sve stavke READY ili IGNORED.,Vrlo visok,Specifikacija spremna,Backend,Ne,F-084,,,,,,,,,,,,,,,,,
R-111,Izvodi,Pravila oprezna u MVP-u,Pravila knjiženja u MVP-u imaju auto_apply=false i requires_review=true.,Visok,Specifikacija spremna,Backend/UI,Ne,F-082,,,,,,,,,,,,,,,,,
R-112,Izvodi,Proknjižen izvod se ne mijenja direktno,Proknjižen izvod se prvo vraća u nacrt uz provjeru prava i zaključane godine.,Visok,Specifikacija spremna,Backend/UI,Ne,F-085,,,,,,,,,,,,,,,,,
R-113,Računi / KUF,Centna korekcija po računu,"Pri automatskom knjiženju KUF-a razlika od tačno 0.01 EUR koriguje se na trošku pojedinačnog računa; veća razlika blokira cijelu knjigu i mora jasno označiti sporni račun.",Vrlo visok,Implementirano,Backend/UI,Ne,F-068,,,,,,,,,,,,,,,,,
R-114,Računi / KIF,Bez preklapanja pazara,"Dnevni i mjesečni pazar iste kase ne smiju obuhvatiti isti datum; zapis bez oznake kase predstavlja sve kase.",Vrlo visok,Implementirano,Backend/Baza,Djelimično,F-095,"Provjera se ponavlja na serveru pri kreiranju i izmjeni.",,,,,,,,,,,,,,,,
R-115,Računi / KIF,Naplata pazara mora biti potpuna,"Zbir gotovine, kartica, virmana i ostalog mora biti tačno jednak ukupnom pazaru; korišćeni način naplate mora imati podešeno konto prije knjiženja.",Vrlo visok,Implementirano,Backend/UI/Baza,Djelimično,F-095,"Prihod i izlazni PDV koriste aktivnu KIF šemu.",,,,,,,,,,,,,,,,
R-116,Portal direktnog fiskalnog klijenta,Jedna firma i stroga tenant izolacija,"Direktni korisnik radi nad tačno jednom aktivnom firmom; svaki backend upit ponovo provjerava sistemski tenant, KorisnikFirma vezu, firma_id i pravo.",Vrlo visok,Specifikacija spremna,Backend,Ne,F-100,,,,,,,,,,,,,,,,,
R-117,Portal direktnog fiskalnog klijenta,Fiskalna administracija samo platformskom adminu,"Portal korisnik ne vidi niti mijenja sertifikate, ENU, fiskalne operatere, Test/Production aktivaciju, suspenziju ili API aplikacije.",Vrlo visok,Specifikacija spremna,Backend/UI,Ne,F-103,,,,,,,,,,,,,,,,,
R-118,Portal direktnog fiskalnog klijenta,FISCAL_ONLY ne kreira računovodstvo,"Uspješno fiskalizovan dokument direktne firme dobija kif_status NOT_REQUIRED i ne kreira KIF zapis ni nalog.",Vrlo visok,Specifikacija spremna,Backend/Baza,Ne,F-102,,,,,,,,,,,,,,,,,
R-119,Portal direktnog fiskalnog klijenta,Eksplicitna potvrda i idempotency,"Produkcijska faktura se šalje tek poslije pregleda i potvrde; paralelni klik, timeout ili retry ne smiju napraviti novi poslovni dokument ili duplu fiskalizaciju.",Vrlo visok,Specifikacija spremna,Backend/UI,Ne,F-102,,,,,,,,,,,,,,,,,
